Workbook

Sheet Diario
B7: COMENTARIOS DEL DIA
B9: * Temperatura máxima en Buenos Aires aumentando a 30°C hacia el fin de semana y lunes 16/03.
B10: * Demanda Total del sistema ubicándose en 125 MMm3/día.
B11: * Consumo de Cammesa en 53 MMm3 para hoy y mañana. Proyecta disminuir consumo hacia el domingo. A rever si ajustan.
B12: * Linepacks de Transportistas con buen stock. TGS alcanzado el limite superior.
B13: * La Calera: continuan trabajos de matenimiento en compresores. Iny. máxima de 13,5/13,7 MMm3.
B14: * TGN: informa restricción de capacidad de transporte en el Centro Oeste, limitando el flujo de gas hacia el Norte, impactando en la Exportación Int.
B16: SISTEMA TGS | G16: SISTEMA TGN | L16: INYECCION DE GNL
B17: Día | C17: Lineapack [MMm3] | D17: Var [MMm3] | E17: Estado del Sistema | G17: Día | H17: Lineapack TGN [MMm3] | I17: Var [MMm3] | J17: Estado del Sistema | L17: Día | M17: Inyección GNL [MMm3] | N17: Stock GNL [MMm3]
B18: =+TODAY()-1 -> 46123 | C18: =+VLOOKUP(B18,'Conv. valores'!$B$8:$V$25,14) -> 235.81 | E18: =+VLOOKUP(B18,Datos!$A$6:$AO$8260,36) -> ALERTA | G18: =+B18 -> 46123 | H18: =+VLOOKUP(G18,'Conv. valores'!$B$8:$V$25,18) -> 134.07248 | J18: =+VLOOKUP(G18,Datos!$A$6:$AO$8260,41) -> NORMAL | L18: =+G18 -> 46123 | M18: =+VLOOKUP(L18,Datos!$A$6:$T$260,19) -> 0 | N18: =+VLOOKUP(L18,Datos!$A$5:$AV$860,48) -> 0
B19: =+TODAY() -> 46124 | C19: =+VLOOKUP(B19,'Conv. valores'!$B$8:$V$25,14) -> 0 | D19: =+C19-C18 -> -235.81 | E19: =+VLOOKUP(B19,Datos!$A$6:$AO$8260,36) -> ALERTA | G19: =+TODAY() -> 46124 | H19: =+VLOOKUP(G19,'Conv. valores'!$B$8:$V$25,18) -> 0 | I19: =+H19-H18 -> -134.07248 | J19: =+VLOOKUP(G19,Datos!$A$6:$AO$8260,41) -> NORMAL | L19: =+TODAY() -> 46124 | M19: =+VLOOKUP(L19,Datos!$A$6:$T$260,19) -> 0 | N19: =+VLOOKUP(L19,Datos!$A$5:$AV$860,48) -> 0
B20: =+TODAY()+1 -> 46125 | C20: =+VLOOKUP(B20,'Conv. valores'!$B$8:$V$25,14) -> 0 | D20: =+C20-C19 -> 0 | E20: =+VLOOKUP(B20,Datos!$A$6:$AO$8260,36) -> NORMAL | G20: =+TODAY()+1 -> 46125 | H20: =+VLOOKUP(G20,'Conv. valores'!$B$8:$V$25,18) -> 0 | I20: =+H20-H19 -> 0 | J20: =+VLOOKUP(G20,Datos!$A$6:$AO$8260,41) -> NORMAL | L20: =+TODAY()+1 -> 46125 | M20: =+VLOOKUP(L20,Datos!$A$6:$T$260,19) -> 0 | N20: =+N19-M20 -> 0
B21: Lim. Sup: 235; Lim. Inf: 215 | G21: Lim. Sup: 142; Lim. Inf: 110
B23: Afectación de Transporte (corte en MMm3)
H24: Capacidad MMm3
B25: GAS ANDES | G25: TGN Y TGS | H25: 33.7 | I25: 37.2
B26: FECHA | C26: Gas Andes | D26: Impac. PPSA | G26: FECHA | H26: CCO | I26: TGS NQN
B27: =+TODAY() -> 46124 | C27: =+VLOOKUP(B27,Datos!$CC$77:$CI$260,2)-8.5 -> 0 | D27: =+C27/-8.5 -> 0 | G27: 46006 | H27: =+VLOOKUP(B27,Datos!$CC$77:$CI$260,4) -> 0 | I27: =+VLOOKUP(B27,Datos!$CC$77:$CI$260,6) -> -0.5
B28: =+B27+1 -> 46125 | C28: =+VLOOKUP(B28,Datos!$CC$77:$CI$260,2)-8.5 -> 0 | D28: =+C28/-8.5 -> 0 | G28: =+G27+1 -> 46007 | H28: =+VLOOKUP(B28,Datos!$CC$77:$CI$260,4) -> 0 | I28: =+VLOOKUP(B28,Datos!$CC$77:$CI$260,6) -> -0.5

Sheet Proyección Semanal
B7: COMENTARIOS DE LA SEMANA
B9: * Inicio de semana con Temp. Máxima de 34° C., bajando hacia el fin de semana con promedios de 24 °C.
B10: * Demanda Total del sistema inicia la semana con 130 MMm3/día y disminuye con el correr de los dias ante un menor consumo de generación.
B11: * Consumo de gas de Cammesa inicia en 60 MMm3 y disminuye a los 45 MMm3 para el fin de semana largo.
B12: * Linepacks de Transportistas con buen stock, incrementando hacia el fin de semana.
B13: * Mantenimiento TGN: 17 al 20 y 23/3 trabajos en PC Chajan, scrapper en tramo Villa Mercedes-Bulnes con afectación promedio de 4MMm3/d en tramos finales.
B14: * La Calera: inyectando un promedio de 14 MMm3 por día.
B15: * Loma Negra: miércoles 18/03 se cumplen los 10 días de parada programada.
B17: SISTEMA TGS | G17: SISTEMA TGN | L17: INYECCION DE GNL
B18: Día | C18: Lineapack [MMm3] | D18: Var [MMm3] | E18: Estado del Sistema | G18: Día | H18: Lineapack TGN [MMm3] | I18: Var [MMm3] | J18: Estado del Sistema | L18: Día | M18: Inyección GNL [MMm3] | N18: Stock GNL [MMm3]
B19: =+TODAY()-3 -> 46121 | C19: =+VLOOKUP(B19,'Conv. valores'!$B$8:$V$25,14) -> 226.87 | D19: =+C19-VLOOKUP(TODAY()-4,'Conv. valores'!B8:V25,14) -> -1.63 | E19: =+VLOOKUP(B19,Datos!$A$6:$AO$860,36) -> NORMAL | G19: =+TODAY()-3 -> 46121 | H19: =+VLOOKUP(G19,'Conv. valores'!$B$8:$V$25,18) -> 130.63668 | I19: =+H19-VLOOKUP(TODAY()-4,'Conv. valores'!B8:V25,18) -> 3.50479 | J19: =+VLOOKUP(G19,Datos!$A$6:$AO$860,41) -> NORMAL | L19: =+TODAY()-3 -> 46121 | M19: =+VLOOKUP(L19,Datos!$A$6:$T$2600,19) -> 0 | N19: =+VLOOKUP(L19,Datos!$A$5:$AV$860,48) -> 0
B20: =+TODAY()-2 -> 46122 | C20: =+VLOOKUP(B20,'Conv. valores'!$B$8:$V$25,14) -> 229.32 | D20: =+C20-C19 -> 2.45 | E20: =+VLOOKUP(B20,Datos!$A$6:$AO$860,36) -> ALERTA | G20: =+TODAY()-2 -> 46122 | H20: =+VLOOKUP(G20,'Conv. valores'!$B$8:$V$25,18) -> 130.55521 | I20: =+H20-H19 -> -0.08147 | J20: =+VLOOKUP(G20,Datos!$A$6:$AO$860,41) -> NORMAL | L20: =+TODAY()-2 -> 46122 | M20: =+VLOOKUP(L20,Datos!$A$6:$T$2600,19) -> 0 | N20: =+VLOOKUP(L20,Datos!$A$5:$AV$860,48) -> 0
B21: =+TODAY()-1 -> 46123 | C21: =+VLOOKUP(B21,'Conv. valores'!$B$8:$V$25,14) -> 235.81 | D21: =+C21-C20 -> 6.49 | E21: =+VLOOKUP(B21,Datos!$A$6:$AO$860,36) -> ALERTA | G21: =+TODAY()-1 -> 46123 | H21: =+VLOOKUP(G21,'Conv. valores'!$B$8:$V$25,18) -> 134.07248 | I21: =+H21-H20 -> 3.51727 | J21: =+VLOOKUP(G21,Datos!$A$6:$AO$860,41) -> NORMAL | L21: =+TODAY()-1 -> 46123 | M21: =+VLOOKUP(L21,Datos!$A$6:$T$2600,19) -> 0 | N21: =+VLOOKUP(L21,Datos!$A$5:$AV$860,48) -> 0
B22: =+TODAY() -> 46124 | C22: =+VLOOKUP(B22,'Conv. valores'!$B$8:$V$25,14) -> 0 | D22: =+C22-C21 -> -235.81 | E22: =+VLOOKUP(B22,Datos!$A$6:$AO$860,36) -> ALERTA | G22: =+TODAY() -> 46124 | H22: =+VLOOKUP(G22,'Conv. valores'!$B$8:$V$25,18) -> 0 | I22: =+H22-H21 -> -134.07248 | J22: =+VLOOKUP(G22,Datos!$A$6:$AO$860,41) -> NORMAL | L22: =+TODAY() -> 46124 | M22: =+VLOOKUP(L22,Datos!$A$6:$T$2600,19) -> 0 | N22: =+VLOOKUP(L22,Datos!$A$5:$AV$860,48) -> 0
B23: Lim. Sup: 235; Lim. Inf: 215 | G23: Lim. Sup: 142; Lim. Inf: 110
B25: Afectación de Transporte (corte en MMm3) | H25: Capacidad MMm3
B26: GAS ANDES | G26: TGN Y TGS | H26: 33.7 | I26: 37.2
B27: FECHA | C27: Gas Andes | D27: Impac. PPSA | G27: FECHA | H27: CCO | I27: TGS NQN
B28: =+'Conv. valores'!B17 -> 46125 | C28: =+VLOOKUP(B28,Datos!$CC$77:$CI$660,2)-8.5 -> -8.5 | D28: =+C28/-8.5 -> 1 | G28: =+B28 -> 46125 | H28: =+VLOOKUP(B28,Datos!$CC$77:$CI$660,4) -> 0 | I28: =+VLOOKUP(B28,Datos!$CC$77:$CI$260,6) -> -0.5
B29: =+B28+1 -> 46126 | C29: =+VLOOKUP(B29,Datos!$CC$77:$CI$660,2)-8.5 -> -8.5 | D29: =+C29/-8.5 -> 1 | G29: =+G28+1 -> 46126 | H29: =+VLOOKUP(B29,Datos!$CC$77:$CI$660,4) -> 0 | I29: =+VLOOKUP(B29,Datos!$CC$77:$CI$260,6) -> -0.5
B30: =+B29+1 -> 46127 | C30: =+VLOOKUP(B30,Datos!$CC$77:$CI$660,2)-8.5 -> -8.5 | D30: =+C30/-8.5 -> 1 | G30: =+G29+1 -> 46127 | H30: =+VLOOKUP(B30,Datos!$CC$77:$CI$660,4) -> 0 | I30: =+VLOOKUP(B30,Datos!$CC$77:$CI$260,6) -> -0.5
B31: =+B30+1 -> 46128 | C31: =+VLOOKUP(B31,Datos!$CC$77:$CI$660,2)-8.5 -> -8.5 | D31: =+C31/-8.5 -> 1 | G31: =+G30+1 -> 46128 | H31: =+VLOOKUP(B31,Datos!$CC$77:$CI$660,4) -> 0 | I31: =+VLOOKUP(B31,Datos!$CC$77:$CI$260,6) -> -0.5 | AL31: *Comparación semanal
B32: =+B31+1 -> 46129 | C32: =+VLOOKUP(B32,Datos!$CC$77:$CI$660,2)-8.5 -> -8.5 | D32: =+C32/-8.5 -> 1 | G32: =+G31+1 -> 46129 | H32: =+VLOOKUP(B32,Datos!$CC$77:$CI$660,4) -> 0 | I32: =+VLOOKUP(B32,Datos!$CC$77:$CI$260,6) -> -0.5 | AL32: FECHA | AM32: T °C | AN32: Dem. Prior. [MMm3]
B33: =+B32+1 -> 46130 | C33: =+VLOOKUP(B33,Datos!$CC$77:$CI$660,2)-8.5 -> -8.5 | D33: =+C33/-8.5 -> 1 | G33: =+G32+1 -> 46130 | H33: =+VLOOKUP(B33,Datos!$CC$77:$CI$660,4) -> 0 | I33: =+VLOOKUP(B33,Datos!$CC$77:$CI$260,6) -> -0.5 | AL33: Semana N-1 | AM33: =+Hoja1!N11 -> 19.571429 | AN33: =+Hoja1!O11 -> 22.514286
B34: =+B33+1 -> 46131 | C34: =+VLOOKUP(B34,Datos!$CC$77:$CI$660,2)-8.5 -> -8.5 | D34: =+C34/-8.5 -> 1 | G34: =+G33+1 -> 46131 | H34: =+VLOOKUP(B34,Datos!$CC$77:$CI$660,4) -> 0 | I34: =+VLOOKUP(B34,Datos!$CC$77:$CI$260,6) -> -0.5 | AL34: Semana N | AM34: =+Hoja1!N12 -> 17.571429 | AN34: =+Hoja1!O12 -> 25.313265
B35: =+B34+1 -> 46132 | C35: =+VLOOKUP(B35,Datos!$CC$77:$CI$660,2)-8.5 -> -8.5 | D35: =+C35/-8.5 -> 1 | G35: =+G34+1 -> 46132 | H35: =+VLOOKUP(B35,Datos!$CC$77:$CI$660,4) -> 0 | I35: =+VLOOKUP(B35,Datos!$CC$77:$CI$260,6) -> -0.5 | AL35: Δ (Delta) | AM35: =+Hoja1!N13 -> -2 | AN35: =+Hoja1!O13 -> 2.7989796
AL36: ΔT/ΔDem Prio | AM36: =+AM35/AN35 -> -0.71454612
W74: S
AN99: * Comparación Diaria. Incluye datos desde Junio 2025.
AN100: * ΔT/ΔDem Prioritaria promedio de -0,4.

Sheet Datos
B1: y = -0,1851x + 24,373 | D1: y = -0,2089x + 29,03 | V1: https://www.tiempo3.com/south-america/argentina/tucuman/san-miguel-de-tucuman?page=past-weather#day=3&month=5 | BT1: 70
B2: https://www.enargas.gob.ar/secciones/transporte-y-distribucion/dod-proyeccion-semanal.php | V2: https://www.meteored.com.ar/
B3: INYECCIONES ENARGAS | V3: TEMPERATURA
H4: Inyección TGS | M4: Inyección TGN | Q4: Inyección Enarsa | V4: Tucumán | Y4: Buenos Aires | AB4: Esquel - CHU | AF4: Linepack TGS | AK4: Linepack TGN | AP4: TRAMOS FINALES | CD4: Gas Andes | CE4: CCO | CG4: TGS NQN | CK4: INYECCIONES EN TGN
A5: Fecha | B5: Demanda DS | C5: Prioritaria | D5: Industria | E5: Usinas | F5: Exportaciones | H5: Sur | I5: NBA I | J5: NBA II | K5: TGS | M5: Norte | N5: Nqn | O5: TGN | Q5: GPM | R5: BOLIVIA | S5: ESCOBAR | T5: ENARSA | V5: Min | W5: Max | X5: Promedio | Y5: Min | Z5: Max | AA5: Promedio | AB5: Min | AC5: Max | AD5: Promedio | AF5: Linepack TGS | AG5: Variación | AH5: Lim Inf. | AI5: Lim. Sup. | AJ5: Sistema | AK5: Linepack TGN | AL5: Variación | AM5: Lim Inf. | AN5: Lim. Sup. | AO5: Sistema | AP5: TGS | AQ5: Lim. Inf. | AR5: Lim Sup | AS5: TGN | AT5: Lim. Inf. | AU5: Lim Sup | AV5: Stock GNL | AW5: Impo Bolivia | BM5: GAS | BN5: GASOIL | BO5: FUELOIL | BP5: CARBON | CD5: Autorización | CE5: Capacidad | CF5: Corte | CG5: Capacidad | CH5: Corte | CI5: Productores | CK5: NQN TGN | CL5: NOA | CM5: ESCOBAR/NORA | CN5: MECA | CO5: ANILLO GBA | CP5: NQN TGS | CQ5: SUR | CR5: 1002 | CS5: 1001 | CT5: 10.01 | CV5: NQN TGS
A6: 45768 | B6: 120.3 | C6: 36.5 | D6: 32.6 | E6: 38.3 | F6: 5 | H6: 28.2 | I6: 10.5 | J6: 31.2 | K6: =SUM(H6:J6) -> 69.9 | M6: 2.7 | N6: 30.3 | O6: =SUM(M6:N6) -> 33 | Q6: 22.7 | R6: 0 | S6: 0 | T6: =SUM(Q6:S6) -> 22.7 | V6: 0 | W6: 0 | X6: =+AVERAGE(V6:W6) -> 0 | Y6: 0 | Z6: 0 | AA6: =+AVERAGE(Y6:Z6) -> 0 | AB6: 0 | AC6: 0 | AD6: =+AVERAGE(AB6:AC6) -> 0 | AF6: 217.12 | AH6: 215 | AI6: 235 | AJ6: NORMAL | AK6: 124.69333 | AO6: NORMAL | AQ6: 73 | AR6: 84 | AT6: 12 | AU6: 17 | BL6: =+A6 -> 45768 | BR6: =+TEXT(BS6,"dddd") -> lunes | BS6: =+BL6 -> 45768 | BT6: =BM6/1000 -> 0 | BU6: =BN6*$CA$9/$CA$8/1000 -> 0 | BV6: =BO6*$CA$10/$CA$8/1000 -> 0 | BW6: =BP6*$CA$11/$CA$8/1000 -> 0 | BX6: =+BT6+BU6+BV6+BW6 -> 0 | BZ6: Poderes calóricos de referencia | CC6: =+BL6 -> 45768
A7: 45769 | B7: 120.6 | C7: 34.3 | D7: 31.1 | E7: 37.8 | F7: 5.1 | H7: 28.1 | I7: 10.4 | J7: 29.9 | K7: =SUM(H7:J7) -> 68.4 | M7: 2.6 | N7: 29.5 | O7: =SUM(M7:N7) -> 32.1 | Q7: 22.3 | R7: 0 | S7: 0 | T7: =SUM(Q7:S7) -> 22.3 | AF7: 220.42 | AG7: =+AF7-AF6 -> 3.3 | AH7: 215 | AI7: 235 | AJ7: NORMAL | AK7: 123.50991 | AL7: =+AK7-AK6 -> -1.183422 | AM7: 110 | AN7: 142 | AO7: NORMAL | AQ7: 73 | AR7: 84 | AT7: 12 | AU7: 17 | BL7: =+A7 -> 45769 | BR7: =+TEXT(BS7,"dddd") -> martes | BS7: =+BL7 -> 45769 | BT7: =BM7/1000 -> 0 | BU7: =BN7*$CA$9/$CA$8/1000 -> 0 | BV7: =BO7*$CA$10/$CA$8/1000 -> 0 | BW7: =BP7*$CA$11/$CA$8/1000 -> 0 | BX7: =+BT7+BU7+BV7+BW7 -> 0 | CC7: =+BL7 -> 45769
A8: 45770 | B8: 118.5 | C8: 30.6 | D8: 32.7 | E8: 41.2 | F8: 5 | H8: 27.5 | I8: 10.2 | J8: 27.8 | K8: =SUM(H8:J8) -> 65.5 | M8: 2.6 | N8: 28.2 | O8: =SUM(M8:N8) -> 30.8 | Q8: 23.1 | R8: 0 | S8: 0 | T8: =SUM(Q8:S8) -> 23.1 | AF8: 222.68 | AG8: =+AF8-AF7 -> 2.26 | AH8: 215 | AI8: 235 | AJ8: NORMAL | AK8: 122.19084 | AL8: =+AK8-AK7 -> -1.319068 | AM8: 110 | AN8: 142 | AO8: NORMAL | AQ8: 73 | AR8: 84 | AT8: 12 | AU8: 17 | BL8: =+A8 -> 45770 | BR8: =+TEXT(BS8,"dddd") -> miércoles | BS8: =+BL8 -> 45770 | BT8: =BM8/1000 -> 0 | BU8: =BN8*$CA$9/$CA$8/1000 -> 0 | BV8: =BO8*$CA$10/$CA$8/1000 -> 0 | BW8: =BP8*$CA$11/$CA$8/1000 -> 0 | BX8: =+BT8+BU8+BV8+BW8 -> 0 | BZ8: Gas Natural | CA8: 8400 | CC8: =+BL8 -> 45770
A9: 45771 | B9: 117.3 | C9: 30.1 | D9: 33.7 | E9: 37.8 | F9: 5.1 | H9: 27.2 | I9: 10.4 | J9: 30.9 | K9: =SUM(H9:J9) -> 68.5 | M9: 2.6 | N9: 26.7 | O9: =SUM(M9:N9) -> 29.3 | Q9: 21.6 | R9: 0 | S9: 0 | T9: =SUM(Q9:S9) -> 21.6 | AF9: 226.07 | AG9: =+AF9-AF8 -> 3.39 | AH9: 215 | AI9: 235 | AJ9: NORMAL | AK9: 120.80037 | AL9: =+AK9-AK8 -> -1.390474 | AM9: 110 | AN9: 142 | AO9: NORMAL | AQ9: 73 | AR9: 84 | AT9: 12 | AU9: 17 | BL9: =+A9 -> 45771 | BR9: =+TEXT(BS9,"dddd") -> jueves | BS9: =+BL9 -> 45771 | BT9: =BM9/1000 -> 0 | BU9: =BN9*$CA$9/$CA$8/1000 -> 0 | BV9: =BO9*$CA$10/$CA$8/1000 -> 0 | BW9: =BP9*$CA$11/$CA$8/1000 -> 0 | BX9: =+BT9+BU9+BV9+BW9 -> 0 | BZ9: Gas Oil | CA9: 8580 | CC9: =+BL9 -> 45771
A10: 45772 | B10: 115.5 | C10: 31.6 | D10: 32.5 | E10: 35.2 | F10: 5 | H10: 27.4 | I10: 10.5 | J10: 32.2 | K10: =SUM(H10:J10) -> 70.1 | M10: 2.6 | N10: 28.3 | O10: =SUM(M10:N10) -> 30.9 | Q10: 19.3 | R10: 0 | S10: 0 | T10: =SUM(Q10:S10) -> 19.3 | AF10: 229.8 | AG10: =+AF10-AF9 -> 3.73 | AH10: 215 | AI10: 235 | AJ10: NORMAL | AK10: 121.85152 | AL10: =+AK10-AK9 -> 1.05115 | AM10: 110 | AN10: 142 | AO10: NORMAL | AQ10: 73 | AR10: 84 | AT10: 12 | AU10: 17 | BL10: =+A10 -> 45772 | BR10: =+TEXT(BS10,"dddd") -> viernes | BS10: =+BL10 -> 45772 | BT10: =BM10/1000 -> 0 | BU10: =BN10*$CA$9/$CA$8/1000 -> 0 | BV10: =BO10*$CA$10/$CA$8/1000 -> 0 | BW10: =BP10*$CA$11/$CA$8/1000 -> 0 | BX10: =+BT10+BU10+BV10+BW10 -> 0 | BZ10: Fuel Oil | CA10: 9800 | CC10: =+BL10 -> 45772
A11: 45773 | B11: 113.1 | C11: 34.4 | D11: 31.5 | E11: 30.7 | F11: 6.1 | H11: 27.6 | I11: 10.6 | J11: 33.3 | K11: =SUM(H11:J11) -> 71.5 | M11: 2.8 | N11: 30.5 | O11: =SUM(M11:N11) -> 33.3 | Q11: 14.9 | R11: 0 | S11: 0 | T11: =SUM(Q11:S11) -> 14.9 | AF11: 231.78 | AG11: =+AF11-AF10 -> 1.98 | AH11: 215 | AI11: 235 | AJ11: NORMAL | AK11: 126.49709 | AL11: =+AK11-AK10 -> 4.645568 | AM11: 110 | AN11: 142 | AO11: NORMAL | AQ11: 73 | AR11: 84 | AT11: 12 | AU11: 17 | BL11: =+A11 -> 45773 | BR11: =+TEXT(BS11,"dddd") -> sábado | BS11: =+BL11 -> 45773 | BT11: =BM11/1000 -> 0 | BU11: =BN11*$CA$9/$CA$8/1000 -> 0 | BV11: =BO11*$CA$10/$CA$8/1000 -> 0 | BW11: =BP11*$CA$11/$CA$8/1000 -> 0 | BX11: =+BT11+BU11+BV11+BW11 -> 0 | BZ11: Carbón | CA11: 5400 | CC11: =+BL11 -> 45773
A12: 45774 | B12: 119.1 | C12: 33.7 | D12: 31.4 | E12: 29.7 | F12: 7 | H12: 29.7 | I12: 10.3 | J12: 33 | K12: =SUM(H12:J12) -> 73 | M12: 2.7 | N12: 33.6 | O12: =SUM(M12:N12) -> 36.3 | Q12: 15.7 | R12: 0 | S12: 0 | T12: =SUM(Q12:S12) -> 15.7 | AF12: 234.11 | AG12: =+AF12-AF11 -> 2.33 | AH12: 215 | AI12: 235 | AJ12: NORMAL | AK12: 130.0702 | AL12: =+AK12-AK11 -> 3.573112 | AM12: 110 | AN12: 142 | AO12: NORMAL | AQ12: 73 | AR12: 84 | AT12: 12 | AU12: 17 | BL12: =+A12 -> 45774 | BR12: =+TEXT(BS12,"dddd") -> domingo | BS12: =+BL12 -> 45774 | BT12: =BM12/1000 -> 0 | BU12: =BN12*$CA$9/$CA$8/1000 -> 0 | BV12: =BO12*$CA$10/$CA$8/1000 -> 0 | BW12: =BP12*$CA$11/$CA$8/1000 -> 0 | BX12: =+BT12+BU12+BV12+BW12 -> 0 | CC12: =+BL12 -> 45774
A13: 45775 | B13: 131.8 | C13: 36.4 | D13: 33.2 | E13: 40.8 | F13: 7.7 | H13: 27.3 | I13: 9.9 | J13: 34.8 | K13: =SUM(H13:J13) -> 72 | M13: 2.6 | N13: 34.8 | O13: =SUM(M13:N13) -> 37.4 | Q13: 15.2 | R13: 0 | S13: 0 | T13: =SUM(Q13:S13) -> 15.2 | AF13: 226.83 | AG13: =+AF13-AF12 -> -7.28 | AH13: 215 | AI13: 235 | AJ13: NORMAL | AK13: 130.17792 | AL13: =+AK13-AK12 -> 0.10772 | AM13: 110 | AN13: 142 | AO13: NORMAL | AP13: 85.75 | AQ13: 73 | AR13: 84 | AS13: 15.63 | AT13: 12 | AU13: 17 | BL13: =+A13 -> 45775 | BR13: =+TEXT(BS13,"dddd") -> lunes | BS13: =+BL13 -> 45775 | BT13: =BM13/1000 -> 0 | BU13: =BN13*$CA$9/$CA$8/1000 -> 0 | BV13: =BO13*$CA$10/$CA$8/1000 -> 0 | BW13: =BP13*$CA$11/$CA$8/1000 -> 0 | BX13: =+BT13+BU13+BV13+BW13 -> 0 | CC13: =+BL13 -> 45775
A14: 45776 | B14: 133.2 | C14: 35.4 | D14: 33.1 | E14: 39.8 | F14: 8.7 | H14: 28.7 | I14: 10 | J14: 34.1 | K14: =SUM(H14:J14) -> 72.8 | M14: 2.6 | N14: 35.3 | O14: =SUM(M14:N14) -> 37.9 | Q14: 16.5 | R14: 0 | S14: 0 | T14: =SUM(Q14:S14) -> 16.5 | AF14: 221.75 | AG14: =+AF14-AF13 -> -5.08 | AH14: 215 | AI14: 235 | AJ14: NORMAL | AK14: 129.24379 | AL14: =+AK14-AK13 -> -0.934128 | AM14: 110 | AN14: 142 | AO14: NORMAL | AP14: 45.6 | AQ14: 73 | AR14: 84 | AS14: 15.72 | AT14: 12 | AU14: 17 | BL14: =+A14 -> 45776 | BR14: =+TEXT(BS14,"dddd") -> martes | BS14: =+BL14 -> 45776 | BT14: =BM14/1000 -> 0 | BU14: =BN14*$CA$9/$CA$8/1000 -> 0 | BV14: =BO14*$CA$10/$CA$8/1000 -> 0 | BW14: =BP14*$CA$11/$CA$8/1000 -> 0 | BX14: =+BT14+BU14+BV14+BW14 -> 0 | CC14: =+BL14 -> 45776
A15: 45777 | B15: 127.1 | C15: 34.7 | D15: 34.4 | E15: 38.4 | F15: 8.8 | H15: 28.4 | I15: 10.2 | J15: 32.3 | K15: =SUM(H15:J15) -> 70.9 | M15: 2.6 | N15: 34.1 | O15: =SUM(M15:N15) -> 36.7 | Q15: 16.8 | R15: 0 | S15: 0 | T15: =SUM(Q15:S15) -> 16.8 | V15: 13 | W15: 23 | X15: =+AVERAGE(V15:W15) -> 18 | Y15: 13 | Z15: 22 | AA15: =+AVERAGE(Y15:Z15) -> 17.5 | AB15: 2 | AC15: 15 | AD15: =+AVERAGE(AB15:AC15) -> 8.5 | AF15: 223.18 | AG15: =+AF15-AF14 -> 1.43 | AH15: 215 | AI15: 235 | AJ15: NORMAL | AK15: 129.36844 | AL15: =+AK15-AK14 -> 0.124648 | AM15: 110 | AN15: 142 | AO15: NORMAL | AP15: 75.6 | AQ15: 73 | AR15: 84 | AS15: 14.49 | AT15: 12 | AU15: 17 | AY15: Fecha | AZ15: Recepción GPM | BA15: Entrega GPM | BB15: GNL Esc | BC15: Bolivia | BD15: Inyección Total [m3] | BE15: Inyección Total [Dam3] | BG15: Temp Max | BH15: Temp Min | BI15: Temp Prom | BL15: =+A15 -> 45777 | BR15: =+TEXT(BS15,"dddd") -> miércoles | BS15: =+BL15 -> 45777 | BT15: =BM15/1000 -> 0 | BU15: =BN15*$CA$9/$CA$8/1000 -> 0 | BV15: =BO15*$CA$10/$CA$8/1000 -> 0 | BW15: =BP15*$CA$11/$CA$8/1000 -> 0 | BX15: =+BT15+BU15+BV15+BW15 -> 0 | CC15: =+BL15 -> 45777
A16: 45778 | B16: 105.7 | C16: 31.2 | D16: 29.7 | E16: 28.9 | F16: 7 | H16: 26.9 | I16: 9.3 | J16: 37.5 | K16: =SUM(H16:J16) -> 73.7 | M16: 2.6 | N16: 34.6 | O16: =SUM(M16:N16) -> 37.2 | Q16: 8.7 | R16: 0 | S16: 0 | T16: =SUM(Q16:S16) -> 8.7 | V16: 11.6 | W16: 23 | X16: =+AVERAGE(V16:W16) -> 17.3 | Y16: 12.3 | Z16: 20.3 | AA16: =+AVERAGE(Y16:Z16) -> 16.3 | AB16: 0 | AC16: 7.4 | AD16: =+AVERAGE(AB16:AC16) -> 3.7 | AF16: 230.7 | AG16: =+AF16-AF15 -> 7.52 | AH16: 215 | AI16: 235 | AJ16: NORMAL | AK16: 135.7487 | AL16: =+AK16-AK15 -> 6.38026 | AM16: 110 | AN16: 142 | AO16: NORMAL | AP16: 75.06 | AQ16: 73 | AR16: 84 | AS16: 14.37 | AT16: 12 | AU16: 17 | AY16: 45413 | AZ16: 12146888 | BA16: 11328757 | BB16: 0 | BC16: 4932281 | BD16: =+AZ16+BB16+BC16 -> 17079169 | BE16: =+BD16/1000 -> 17079.169 | BG16: 18 | BH16: 14 | BI16: =+AVERAGE(BG16:BH16) -> 16 | BL16: =+A16 -> 45778 | BR16: =+TEXT(BS16,"dddd") -> jueves | BS16: =+BL16 -> 45778 | BT16: =BM16/1000 -> 0 | BU16: =BN16*$CA$9/$CA$8/1000 -> 0 | BV16: =BO16*$CA$10/$CA$8/1000 -> 0 | BW16: =BP16*$CA$11/$CA$8/1000 -> 0 | BX16: =+BT16+BU16+BV16+BW16 -> 0 | CC16: =+BL16 -> 45778
A17: 45779 | B17: 120.8 | C17: 31.3 | D17: 32.6 | E17: 37.7 | F17: 7.5 | H17: 25.6 | I17: 8.6 | J17: 38.8 | K17: =SUM(H17:J17) -> 73 | M17: 2.7 | N17: 33.4 | O17: =SUM(M17:N17) -> 36.1 | Q17: 4.1 | R17: 0 | S17: 0 | T17: =SUM(Q17:S17) -> 4.1 | V17: 12.4 | W17: 19.8 | X17: =+AVERAGE(V17:W17) -> 16.1 | Y17: 12.7 | Z17: 20.7 | AA17: =+AVERAGE(Y17:Z17) -> 16.7 | AB17: 0.4 | AC17: 7.2 | AD17: =+AVERAGE(AB17:AC17) -> 3.8 | AF17: 227.43 | AG17: =+AF17-AF16 -> -3.27 | AH17: 215 | AI17: 235 | AJ17: NORMAL | AK17: 131.51282 | AL17: =+AK17-AK16 -> -4.23588 | AM17: 110 | AN17: 142 | AO17: NORMAL | AP17: 78.73 | AQ17: 73 | AR17: 84 | AS17: 14.55 | AT17: 12 | AU17: 17 | AY17: =+AY16+1 -> 45414 | AZ17: 11973299 | BA17: 11944549 | BB17: 0 | BC17: 4939458 | BD17: =+AZ17+BB17+BC17 -> 16912757 | BE17: =+BD17/1000 -> 16912.757 | BG17: 16 | BH17: 10 | BI17: =+AVERAGE(BG17:BH17) -> 13 | BL17: =+A17 -> 45779 | BR17: =+TEXT(BS17,"dddd") -> viernes | BS17: =+BL17 -> 45779 | BT17: =BM17/1000 -> 0 | BU17: =BN17*$CA$9/$CA$8/1000 -> 0 | BV17: =BO17*$CA$10/$CA$8/1000 -> 0 | BW17: =BP17*$CA$11/$CA$8/1000 -> 0 | BX17: =+BT17+BU17+BV17+BW17 -> 0 | CC17: =+BL17 -> 45779
A18: 45780 | B18: 111.8 | C18: 30.1 | D18: 31.2 | E18: 32.8 | F18: 6.4 | H18: 25 | I18: 8.7 | J18: 38 | K18: =SUM(H18:J18) -> 71.7 | M18: 2.7 | N18: 32.4 | O18: =SUM(M18:N18) -> 35.1 | Q18: 3.7 | R18: 0 | S18: 0 | T18: =SUM(Q18:S18) -> 3.7 | V18: 11 | W18: 20.4 | X18: =+AVERAGE(V18:W18) -> 15.7 | Y18: 12 | Z18: 20.7 | AA18: =+AVERAGE(Y18:Z18) -> 16.35 | AB18: 0 | AC18: 7.6 | AD18: =+AVERAGE(AB18:AC18) -> 3.8 | AF18: 225.91 | AG18: =+AF18-AF17 -> -1.52 | AH18: 215 | AI18: 235 | AJ18: NORMAL | AK18: 131.62327 | AL18: =+AK18-AK17 -> 0.11045 | AM18: 110 | AN18: 142 | AO18: NORMAL | AP18: 80.31 | AQ18: 73 | AR18: 84 | AS18: 14.67 | AT18: 12 | AU18: 17 | AY18: =+AY17+1 -> 45415 | AZ18: 11075230 | BA18: 11845606 | BB18: 0 | BC18: 4955251 | BD18: =+AZ18+BB18+BC18 -> 16030481 | BE18: =+BD18/1000 -> 16030.481 | BG18: 15 | BH18: 9 | BI18: =+AVERAGE(BG18:BH18) -> 12 | BL18: =+A18 -> 45780 | BR18: =+TEXT(BS18,"dddd") -> sábado | BS18: =+BL18 -> 45780 | BT18: =BM18/1000 -> 0 | BU18: =BN18*$CA$9/$CA$8/1000 -> 0 | BV18: =BO18*$CA$10/$CA$8/1000 -> 0 | BW18: =BP18*$CA$11/$CA$8/1000 -> 0 | BX18: =+BT18+BU18+BV18+BW18 -> 0 | CC18: =+BL18 -> 45780
A19: 45781 | B19: 110 | C19: 30.1 | D19: 30.5 | E19: 31.2 | F19: 5.9 | H19: 26.1 | I19: 9.5 | J19: 38.5 | K19: =SUM(H19:J19) -> 74.1 | M19: 2.7 | N19: 32.1 | O19: =SUM(M19:N19) -> 34.8 | Q19: 7.4 | R19: 0 | S19: 0 | T19: =SUM(Q19:S19) -> 7.4 | V19: 17 | W19: 24 | X19: =+AVERAGE(V19:W19) -> 20.5 | Y19: 17 | Z19: 24 | AA19: =+AVERAGE(Y19:Z19) -> 20.5 | AB19: 0 | AC19: 9 | AD19: =+AVERAGE(AB19:AC19) -> 4.5 | AF19: 229.68 | AG19: =+AF19-AF18 -> 3.77 | AH19: 215 | AI19: 235 | AJ19: NORMAL | AK19: 134.26583 | AL19: =+AK19-AK18 -> 2.64256 | AM19: 110 | AN19: 142 | AO19: NORMAL | AP19: 79.28 | AQ19: 73 | AR19: 84 | AS19: 14.75 | AT19: 12 | AU19: 17 | AY19: =+AY18+1 -> 45416 | AZ19: 12910151 | BA19: 12067435 | BB19: 0 | BC19: 4944689 | BD19: =+AZ19+BB19+BC19 -> 17854840 | BE19: =+BD19/1000 -> 17854.84 | BG19: 17 | BH19: 14 | BI19: =+AVERAGE(BG19:BH19) -> 15.5 | BL19: =+A19 -> 45781 | BR19: =+TEXT(BS19,"dddd") -> domingo | BS19: =+BL19 -> 45781 | BT19: =BM19/1000 -> 0 | BU19: =BN19*$CA$9/$CA$8/1000 -> 0 | BV19: =BO19*$CA$10/$CA$8/1000 -> 0 | BW19: =BP19*$CA$11/$CA$8/1000 -> 0 | BX19: =+BT19+BU19+BV19+BW19 -> 0 | CC19: =+BL19 -> 45781
A20: 45782 | B20: 123.3 | C20: 36.5 | D20: 32 | E20: 37.8 | F20: 8.1 | H20: 26 | I20: 9.3 | J20: 39.2 | K20: =SUM(H20:J20) -> 74.5 | M20: 2.6 | N20: 32.7 | O20: =SUM(M20:N20) -> 35.3 | Q20: 8.8 | R20: 0 | S20: 0 | T20: =SUM(Q20:S20) -> 8.8 | V20: 15 | W20: 25 | X20: =+AVERAGE(V20:W20) -> 20 | Y20: 15 | Z20: 19 | AA20: =+AVERAGE(Y20:Z20) -> 17 | AB20: 2 | AC20: 11 | AD20: =+AVERAGE(AB20:AC20) -> 6.5 | AF20: 228.41 | AG20: =+AF20-AF19 -> -1.27 | AH20: 215 | AI20: 235 | AJ20: NORMAL | AK20: 128.72554 | AL20: =+AK20-AK19 -> -5.54029 | AM20: 110 | AN20: 142 | AO20: NORMAL | AP20: 82.98 | AQ20: 73 | AR20: 84 | AS20: 15.15 | AT20: 12 | AU20: 17 | AY20: =+AY19+1 -> 45417 | AZ20: 12221049 | BA20: 11614173 | BB20: 0 | BC20: 4946012 | BD20: =+AZ20+BB20+BC20 -> 17167061 | BE20: =+BD20/1000 -> 17167.061 | BG20: 20 | BH20: 18 | BI20: =+AVERAGE(BG20:BH20) -> 19 | BL20: =+A20 -> 45782 | BR20: =+TEXT(BS20,"dddd") -> lunes | BS20: =+BL20 -> 45782 | BT20: =BM20/1000 -> 0 | BU20: =BN20*$CA$9/$CA$8/1000 -> 0 | BV20: =BO20*$CA$10/$CA$8/1000 -> 0 | BW20: =BP20*$CA$11/$CA$8/1000 -> 0 | BX20: =+BT20+BU20+BV20+BW20 -> 0 | CC20: =+BL20 -> 45782
A21: 45783 | B21: 121.6 | C21: 35.2 | D21: 32.6 | E21: 37.1 | F21: 4.8 | H21: 25.3 | I21: 9.4 | J21: 40.3 | K21: =SUM(H21:J21) -> 75 | M21: 2.8 | N21: 28.2 | O21: =SUM(M21:N21) -> 31 | Q21: 12.1 | R21: 0 | S21: 0 | T21: =SUM(Q21:S21) -> 12.1 | V21: 18 | W21: 24 | X21: =+AVERAGE(V21:W21) -> 21 | Y21: 16 | Z21: 22 | AA21: =+AVERAGE(Y21:Z21) -> 19 | AB21: 3 | AC21: 9 | AD21: =+AVERAGE(AB21:AC21) -> 6 | AF21: 230.71 | AG21: =+AF21-AF20 -> 2.3 | AH21: 215 | AI21: 235 | AJ21: NORMAL | AK21: 125.17737 | AL21: =+AK21-AK20 -> -3.548169 | AM21: 110 | AN21: 142 | AO21: NORMAL | AP21: 79.61 | AQ21: 73 | AR21: 84 | AS21: 14.58 | AT21: 12 | AU21: 17 | AY21: =+AY20+1 -> 45418 | AZ21: 10510527 | BA21: 9583101 | BB21: 3455219 | BC21: 4945767 | BD21: =+AZ21+BB21+BC21 -> 18911513 | BE21: =+BD21/1000 -> 18911.513 | BG21: 20 | BH21: 17 | BI21: =+AVERAGE(BG21:BH21) -> 18.5 | BL21: =+A21 -> 45783 | BR21: =+TEXT(BS21,"dddd") -> martes | BS21: =+BL21 -> 45783 | BT21: =BM21/1000 -> 0 | BU21: =BN21*$CA$9/$CA$8/1000 -> 0 | BV21: =BO21*$CA$10/$CA$8/1000 -> 0 | BW21: =BP21*$CA$11/$CA$8/1000 -> 0 | BX21: =+BT21+BU21+BV21+BW21 -> 0 | CC21: =+BL21 -> 45783
A22: 45784 | B22: 126.2 | C22: 36 | D22: 33.6 | E22: 39.2 | F22: 5.3 | H22: 25.3 | I22: 9 | J22: 39.6 | K22: =SUM(H22:J22) -> 73.9 | M22: 2.6 | N22: 31.5 | O22: =SUM(M22:N22) -> 34.1 | Q22: 13.3 | R22: 0 | S22: 0 | T22: =SUM(Q22:S22) -> 13.3 | V22: 17 | W22: 22 | X22: =+AVERAGE(V22:W22) -> 19.5 | Y22: 15 | Z22: 22 | AA22: =+AVERAGE(Y22:Z22) -> 18.5 | AB22: 1 | AC22: 10 | AD22: =+AVERAGE(AB22:AC22) -> 5.5 | AF22: 226.73 | AG22: =+AF22-AF21 -> -3.98 | AH22: 215 | AI22: 235 | AJ22: NORMAL | AK22: 124.02095 | AL22: =+AK22-AK21 -> -1.156421 | AM22: 110 | AN22: 142 | AO22: NORMAL | AP22: 79.07 | AQ22: 73 | AR22: 84 | AS22: 14.36 | AT22: 12 | AU22: 17 | AY22: =+AY21+1 -> 45419 | AZ22: 9160657 | BA22: 9379741 | BB22: 3012565 | BC22: 4945964 | BD22: =+AZ22+BB22+BC22 -> 17119186 | BE22: =+BD22/1000 -> 17119.186 | BG22: 19 | BH22: 17 | BI22: =+AVERAGE(BG22:BH22) -> 18 | BL22: =+A22 -> 45784 | BR22: =+TEXT(BS22,"dddd") -> miércoles | BS22: =+BL22 -> 45784 | BT22: =BM22/1000 -> 0 | BU22: =BN22*$CA$9/$CA$8/1000 -> 0 | BV22: =BO22*$CA$10/$CA$8/1000 -> 0 | BW22: =BP22*$CA$11/$CA$8/1000 -> 0 | BX22: =+BT22+BU22+BV22+BW22 -> 0 | CC22: =+BL22 -> 45784
A23: 45785 | B23: 127.8 | C23: 36.2 | D23: 33.8 | E23: 39.1 | F23: 9.4 | H23: 26.4 | I23: 8.5 | J23: 40 | K23: =SUM(H23:J23) -> 74.9 | M23: 2.6 | N23: 35 | O23: =SUM(M23:N23) -> 37.6 | Q23: 9.8 | R23: 0 | S23: 0 | T23: =SUM(Q23:S23) -> 9.8 | V23: 16 | W23: 21 | X23: =+AVERAGE(V23:W23) -> 18.5 | Y23: 18 | Z23: 25 | AA23: =+AVERAGE(Y23:Z23) -> 21.5 | AB23: 1 | AC23: 9 | AD23: =+AVERAGE(AB23:AC23) -> 5 | AF23: 222.48 | AG23: =+AF23-AF22 -> -4.25 | AH23: 215 | AI23: 235 | AJ23: NORMAL | AK23: 122.69134 | AL23: =+AK23-AK22 -> -1.329608 | AM23: 110 | AN23: 142 | AO23: NORMAL | AP23: 82.81 | AQ23: 73 | AR23: 84 | AS23: 14.71 | AT23: 12 | AU23: 17 | AY23: =+AY22+1 -> 45420 | AZ23: 10499366 | BA23: 11207845 | BB23: 3020977 | BC23: 4945930 | BD23: =+AZ23+BB23+BC23 -> 18466273 | BE23: =+BD23/1000 -> 18466.273 | BG23: 19 | BH23: 14 | BI23: =+AVERAGE(BG23:BH23) -> 16.5 | BL23: =+A23 -> 45785 | BR23: =+TEXT(BS23,"dddd") -> jueves | BS23: =+BL23 -> 45785 | BT23: =BM23/1000 -> 0 | BU23: =BN23*$CA$9/$CA$8/1000 -> 0 | BV23: =BO23*$CA$10/$CA$8/1000 -> 0 | BW23: =BP23*$CA$11/$CA$8/1000 -> 0 | BX23: =+BT23+BU23+BV23+BW23 -> 0 | CC23: =+BL23 -> 45785
A24: 45786 | B24: 126.3 | C24: 36.3 | D24: 34.4 | E24: 31.8 | F24: 9 | H24: 26.8 | I24: 9 | J24: 39.2 | K24: =SUM(H24:J24) -> 75 | M24: 2.7 | N24: 37.8 | O24: =SUM(M24:N24) -> 40.5 | Q24: 12.5 | R24: 0 | S24: 0 | T24: =SUM(Q24:S24) -> 12.5 | V24: 16 | W24: 24 | X24: =+AVERAGE(V24:W24) -> 20 | Y24: 13 | Z24: 21 | AA24: =+AVERAGE(Y24:Z24) -> 17 | AB24: 3 | AC24: 10 | AD24: =+AVERAGE(AB24:AC24) -> 6.5 | AF24: 225.55 | AG24: =+AF24-AF23 -> 3.07 | AH24: 215 | AI24: 235 | AJ24: NORMAL | AK24: 121.24765 | AL24: =+AK24-AK23 -> -1.443692 | AM24: 110 | AN24: 142 | AO24: NORMAL | AP24: 78.23 | AQ24: 73 | AR24: 84 | AS24: 14.89 | AT24: 12 | AU24: 17 | AY24: =+AY23+1 -> 45421 | AZ24: 9516512 | BA24: 10886415 | BB24: 3009160 | BC24: 4996364 | BD24: =+AZ24+BB24+BC24 -> 17522036 | BE24: =+BD24/1000 -> 17522.036 | BG24: 16 | BH24: 8 | BI24: =+AVERAGE(BG24:BH24) -> 12 | BL24: =+A24 -> 45786 | BR24: =+TEXT(BS24,"dddd") -> viernes | BS24: =+BL24 -> 45786 | BT24: =BM24/1000 -> 0 | BU24: =BN24*$CA$9/$CA$8/1000 -> 0 | BV24: =BO24*$CA$10/$CA$8/1000 -> 0 | BW24: =BP24*$CA$11/$CA$8/1000 -> 0 | BX24: =+BT24+BU24+BV24+BW24 -> 0 | CC24: =+BL24 -> 45786
A25: 45787 | B25: 118.7 | C25: 35 | D25: 32.6 | E25: 28.5 | F25: 9 | H25: 27.3 | I25: 10 | J25: 35 | K25: =SUM(H25:J25) -> 72.3 | M25: 2.6 | N25: 36.8 | O25: =SUM(M25:N25) -> 39.4 | Q25: 14.2 | R25: 0 | S25: 0 | T25: =SUM(Q25:S25) -> 14.2 | V25: 14 | W25: 25 | X25: =+AVERAGE(V25:W25) -> 19.5 | Y25: 14 | Z25: 21 | AA25: =+AVERAGE(Y25:Z25) -> 17.5 | AB25: 6 | AC25: 13 | AD25: =+AVERAGE(AB25:AC25) -> 9.5 | AF25: 229.55 | AG25: =+AF25-AF24 -> 4 | AH25: 215 | AI25: 235 | AJ25: NORMAL | AK25: 124.31696 | AL25: =+AK25-AK24 -> 3.06931 | AM25: 110 | AN25: 142 | AO25: NORMAL | AP25: 80.98 | AQ25: 73 | AR25: 84 | AS25: 14.82 | AT25: 12 | AU25: 17 | AY25: =+AY24+1 -> 45422 | AZ25: 10120449 | BA25: 10797335 | BB25: 8904883 | BC25: 4945959 | BD25: =+AZ25+BB25+BC25 -> 23971291 | BE25: =+BD25/1000 -> 23971.291 | BG25: 17 | BH25: 14 | BI25: =+AVERAGE(BG25:BH25) -> 15.5 | BL25: =+A25 -> 45787 | BR25: =+TEXT(BS25,"dddd") -> sábado | BS25: =+BL25 -> 45787 | BT25: =BM25/1000 -> 0 | BU25: =BN25*$CA$9/$CA$8/1000 -> 0 | BV25: =BO25*$CA$10/$CA$8/1000 -> 0 | BW25: =BP25*$CA$11/$CA$8/1000 -> 0 | BX25: =+BT25+BU25+BV25+BW25 -> 0 | CC25: =+BL25 -> 45787
A26: 45788 | B26: 109 | C26: 33.5 | D26: 32 | E26: 26.7 | F26: 6.5 | H26: 25.4 | I26: 10.4 | J26: 36.2 | K26: =SUM(H26:J26) -> 72 | M26: 2.6 | N26: 36.3 | O26: =SUM(M26:N26) -> 38.9 | Q26: 9.6 | R26: 0 | S26: 0 | T26: =SUM(Q26:S26) -> 9.6 | V26: 15 | W26: 26 | X26: =+AVERAGE(V26:W26) -> 20.5 | Y26: 14 | Z26: 19 | AA26: =+AVERAGE(Y26:Z26) -> 16.5 | AB26: 2 | AC26: 12 | AD26: =+AVERAGE(AB26:AC26) -> 7 | AF26: 231.12 | AG26: =+AF26-AF25 -> 1.57 | AH26: 215 | AI26: 235 | AJ26: NORMAL | AK26: 134.24806 | AL26: =+AK26-AK25 -> 9.9311 | AM26: 110 | AN26: 142 | AO26: NORMAL | AP26: 81.94 | AQ26: 73 | AR26: 84 | AS26: 14.54 | AT26: 12 | AU26: 17 | AY26: =+AY25+1 -> 45423 | AZ26: 12677022 | BA26: 10823842 | BB26: 7103139 | BC26: 4972656 | BD26: =+AZ26+BB26+BC26 -> 24752817 | BE26: =+BD26/1000 -> 24752.817 | BG26: 17 | BH26: 12 | BI26: =+AVERAGE(BG26:BH26) -> 14.5 | BL26: =+A26 -> 45788 | BR26: =+TEXT(BS26,"dddd") -> domingo | BS26: =+BL26 -> 45788 | BT26: =BM26/1000 -> 0 | BU26: =BN26*$CA$9/$CA$8/1000 -> 0 | BV26: =BO26*$CA$10/$CA$8/1000 -> 0 | BW26: =BP26*$CA$11/$CA$8/1000 -> 0 | BX26: =+BT26+BU26+BV26+BW26 -> 0 | CC26: =+BL26 -> 45788
A27: 45789 | B27: 124.2 | C27: 36 | D27: 33.8 | E27: 31.8 | F27: 8.3 | H27: 26.2 | I27: 10.4 | J27: 37.9 | K27: =SUM(H27:J27) -> 74.5 | M27: 2.6 | N27: 34.3 | O27: =SUM(M27:N27) -> 36.9 | Q27: 11.8 | R27: 0 | S27: 0 | T27: =SUM(Q27:S27) -> 11.8 | V27: 14 | W27: 22 | X27: =+AVERAGE(V27:W27) -> 18 | Y27: 13 | Z27: 19 | AA27: =+AVERAGE(Y27:Z27) -> 16 | AB27: 3 | AC27: 12 | AD27: =+AVERAGE(AB27:AC27) -> 7.5 | AF27: 232.91 | AG27: =+AF27-AF26 -> 1.79 | AH27: 215 | AI27: 235 | AJ27: NORMAL | AK27: 131.42467 | AL27: =+AK27-AK26 -> -2.82339 | AM27: 110 | AN27: 142 | AO27: NORMAL | AP27: 84 | AQ27: 73 | AR27: 84 | AS27: 16.36 | AT27: 12 | AU27: 17 | AY27: =+AY26+1 -> 45424 | AZ27: 9497858 | BA27: 11666052 | BB27: 7022515 | BC27: 4975591 | BD27: =+AZ27+BB27+BC27 -> 21495964 | BE27: =+BD27/1000 -> 21495.964 | BG27: 13 | BH27: 10 | BI27: =+AVERAGE(BG27:BH27) -> 11.5 | BL27: =+A27 -> 45789 | BR27: =+TEXT(BS27,"dddd") -> lunes | BS27: =+BL27 -> 45789 | BT27: =BM27/1000 -> 0 | BU27: =BN27*$CA$9/$CA$8/1000 -> 0 | BV27: =BO27*$CA$10/$CA$8/1000 -> 0 | BW27: =BP27*$CA$11/$CA$8/1000 -> 0 | BX27: =+BT27+BU27+BV27+BW27 -> 0 | CC27: =+BL27 -> 45789
A28: 45790 | B28: 125.2 | C28: 35.4 | D28: 33.1 | E28: 34.4 | F28: =7.9+0.3 -> 8.2 | H28: 25.2 | I28: 10.4 | J28: 36.2 | K28: =SUM(H28:J28) -> 71.8 | M28: 2.4 | N28: 33.1 | O28: =SUM(M28:N28) -> 35.5 | Q28: 12.9 | R28: 0 | S28: 0 | T28: =SUM(Q28:S28) -> 12.9 | V28: 14 | W28: 25 | X28: =+AVERAGE(V28:W28) -> 19.5 | Y28: 14 | Z28: 21 | AA28: =+AVERAGE(Y28:Z28) -> 17.5 | AB28: 6 | AC28: 12 | AD28: =+AVERAGE(AB28:AC28) -> 9 | AF28: 233.22 | AG28: =+AF28-AF27 -> 0.31 | AH28: 215 | AI28: 235 | AJ28: NORMAL | AK28: 126.1273 | AL28: =+AK28-AK27 -> -5.29737 | AM28: 110 | AN28: 142 | AO28: NORMAL | AP28: 83.2 | AQ28: 73 | AR28: 84 | AS28: 16.15 | AT28: 12 | AU28: 17 | AY28: =+AY27+1 -> 45425 | AZ28: 12217904 | BA28: 11853085 | BB28: 13999572 | BC28: 5000760 | BD28: =+AZ28+BB28+BC28 -> 31218236 | BE28: =+BD28/1000 -> 31218.236 | BG28: 14 | BH28: 6 | BI28: =+AVERAGE(BG28:BH28) -> 10 | BL28: =+A28 -> 45790 | BR28: =+TEXT(BS28,"dddd") -> martes | BS28: =+BL28 -> 45790 | BT28: =BM28/1000 -> 0 | BU28: =BN28*$CA$9/$CA$8/1000 -> 0 | BV28: =BO28*$CA$10/$CA$8/1000 -> 0 | BW28: =BP28*$CA$11/$CA$8/1000 -> 0 | BX28: =+BT28+BU28+BV28+BW28 -> 0 | CC28: =+BL28 -> 45790
A29: 45791 | B29: 122.8 | C29: 33.7 | D29: 34.5 | E29: 37.1 | F29: 6.7 | H29: 25.4 | I29: 10.3 | J29: 33.9 | K29: =SUM(H29:J29) -> 69.6 | M29: 2.5 | N29: 31.5 | O29: =SUM(M29:N29) -> 34 | Q29: 16.1 | R29: 0 | S29: 0 | T29: =SUM(Q29:S29) -> 16.1 | V29: 15 | W29: 24 | X29: =+AVERAGE(V29:W29) -> 19.5 | Y29: 16 | Z29: 23 | AA29: =+AVERAGE(Y29:Z29) -> 19.5 | AB29: 5 | AC29: 11 | AD29: =+AVERAGE(AB29:AC29) -> 8 | AF29: 229.24 | AG29: =+AF29-AF28 -> -3.98 | AH29: 215 | AI29: 235 | AJ29: NORMAL | AK29: 126.87546 | AL29: =+AK29-AK28 -> 0.74816 | AM29: 110 | AN29: 142 | AO29: NORMAL | AP29: 82.42 | AQ29: 73 | AR29: 84 | AS29: 16.21 | AT29: 12 | AU29: 17 | AY29: =+AY28+1 -> 45426 | AZ29: 8527699 | BA29: 11999772 | BB29: 12043327 | BC29: 4977516 | BD29: =+AZ29+BB29+BC29 -> 25548542 | BE29: =+BD29/1000 -> 25548.542 | BG29: 14 | BH29: 7 | BI29: =+AVERAGE(BG29:BH29) -> 10.5 | BL29: =+A29 -> 45791 | BR29: =+TEXT(BS29,"dddd") -> miércoles | BS29: =+BL29 -> 45791 | BT29: =BM29/1000 -> 0 | BU29: =BN29*$CA$9/$CA$8/1000 -> 0 | BV29: =BO29*$CA$10/$CA$8/1000 -> 0 | BW29: =BP29*$CA$11/$CA$8/1000 -> 0 | BX29: =+BT29+BU29+BV29+BW29 -> 0 | CC29: =+BL29 -> 45791
A30: 45792 | B30: 127.3 | C30: 33.1 | D30: 34.5 | E30: 37.2 | F30: 8.9 | H30: 25.9 | I30: 10.2 | J30: 33.2 | K30: =SUM(H30:J30) -> 69.3 | M30: 2.6 | N30: 33.2 | O30: =SUM(M30:N30) -> 35.8 | Q30: 18.3 | R30: 0 | S30: 0 | T30: =SUM(Q30:S30) -> 18.3 | V30: 16 | W30: 24 | X30: =+AVERAGE(V30:W30) -> 20 | Y30: 19 | Z30: 23 | AA30: =+AVERAGE(Y30:Z30) -> 21 | AB30: 7 | AC30: 12 | AD30: =+AVERAGE(AB30:AC30) -> 9.5 | AF30: 226.98 | AG30: =+AF30-AF29 -> -2.26 | AH30: 215 | AI30: 235 | AJ30: NORMAL | AK30: 124.16873 | AL30: =+AK30-AK29 -> -2.706725 | AM30: 110 | AN30: 142 | AO30: NORMAL | AP30: 80.59 | AQ30: 73 | AR30: 84 | AS30: 15.1 | AT30: 12 | AU30: 17 | AY30: =+AY29+1 -> 45427 | AZ30: 11265652 | BA30: 8964539 | BB30: 12051958 | BC30: 4978424 | BD30: =+AZ30+BB30+BC30 -> 28296034 | BE30: =+BD30/1000 -> 28296.034 | BG30: 16 | BH30: 8 | BI30: =+AVERAGE(BG30:BH30) -> 12 | BL30: =+A30 -> 45792 | BR30: =+TEXT(BS30,"dddd") -> jueves | BS30: =+BL30 -> 45792 | BT30: =BM30/1000 -> 0 | BU30: =BN30*$CA$9/$CA$8/1000 -> 0 | BV30: =BO30*$CA$10/$CA$8/1000 -> 0 | BW30: =BP30*$CA$11/$CA$8/1000 -> 0 | BX30: =+BT30+BU30+BV30+BW30 -> 0 | CC30: =+BL30 -> 45792
A31: 45793 | B31: 120.4 | C31: 33.6 | D31: 34.4 | E31: 35.4 | F31: 7.1 | H31: 26 | I31: 10.2 | J31: 34.3 | K31: =SUM(H31:J31) -> 70.5 | M31: 2.6 | N31: 32.1 | O31: =SUM(M31:N31) -> 34.7 | Q31: 20.7 | R31: 0 | S31: 0 | T31: =SUM(Q31:S31) -> 20.7 | V31: 17 | W31: 26 | X31: =+AVERAGE(V31:W31) -> 21.5 | Y31: 18 | Z31: 22 | AA31: =+AVERAGE(Y31:Z31) -> 20 | AB31: 4 | AC31: 11 | AD31: =+AVERAGE(AB31:AC31) -> 7.5 | AF31: 231.65 | AG31: =+AF31-AF30 -> 4.67 | AH31: 215 | AI31: 235 | AJ31: NORMAL | AK31: 124.97541 | AL31: =+AK31-AK30 -> 0.806676 | AM31: 110 | AN31: 142 | AO31: NORMAL | AP31: 79 | AQ31: 73 | AR31: 84 | AS31: 13.35 | AT31: 12 | AU31: 17 | AY31: =+AY30+1 -> 45428 | AZ31: 11109202 | BA31: 11122015 | BB31: 5016919 | BC31: 5104531 | BD31: =+AZ31+BB31+BC31 -> 21230652 | BE31: =+BD31/1000 -> 21230.652 | BG31: 17 | BH31: 10 | BI31: =+AVERAGE(BG31:BH31) -> 13.5 | BL31: =+A31 -> 45793 | BR31: =+TEXT(BS31,"dddd") -> viernes | BS31: =+BL31 -> 45793 | BT31: =BM31/1000 -> 0 | BU31: =BN31*$CA$9/$CA$8/1000 -> 0 | BV31: =BO31*$CA$10/$CA$8/1000 -> 0 | BW31: =BP31*$CA$11/$CA$8/1000 -> 0 | BX31: =+BT31+BU31+BV31+BW31 -> 0 | CC31: =+BL31 -> 45793
A32: 45794 | B32: 115.2 | C32: 34.5 | D32: 31 | E32: 27.4 | F32: 8.2 | H32: 25.7 | I32: 10.1 | J32: 35.4 | K32: =SUM(H32:J32) -> 71.2 | M32: 2.6 | N32: 35.2 | O32: =SUM(M32:N32) -> 37.8 | Q32: 16.3 | R32: 0 | S32: 0 | T32: =SUM(Q32:S32) -> 16.3 | V32: 17 | W32: 27 | X32: =+AVERAGE(V32:W32) -> 22 | Y32: 18 | Z32: 22 | AA32: =+AVERAGE(Y32:Z32) -> 20 | AB32: 0 | AC32: 9 | AD32: =+AVERAGE(AB32:AC32) -> 4.5 | AF32: 236.64 | AG32: =+AF32-AF31 -> 4.99 | AH32: 215 | AI32: 235 | AJ32: NORMAL | AK32: 130.14833 | AL32: =+AK32-AK31 -> 5.172919 | AM32: 110 | AN32: 142 | AO32: NORMAL | AP32: 80.57 | AQ32: 73 | AR32: 84 | AS32: 13.28 | AT32: 12 | AU32: 17 | AY32: =+AY31+1 -> 45429 | AZ32: 12485870 | BA32: 11248059 | BB32: 9118039 | BC32: 4946801 | BD32: =+AZ32+BB32+BC32 -> 26550710 | BE32: =+BD32/1000 -> 26550.71 | BG32: 14 | BH32: 9 | BI32: =+AVERAGE(BG32:BH32) -> 11.5 | BL32: =+A32 -> 45794 | BR32: =+TEXT(BS32,"dddd") -> sábado | BS32: =+BL32 -> 45794 | BT32: =BM32/1000 -> 0 | BU32: =BN32*$CA$9/$CA$8/1000 -> 0 | BV32: =BO32*$CA$10/$CA$8/1000 -> 0 | BW32: =BP32*$CA$11/$CA$8/1000 -> 0 | BX32: =+BT32+BU32+BV32+BW32 -> 0 | CC32: =+BL32 -> 45794
A33: 45795 | B33: 118.8 | C33: 40.6 | D33: 31 | E33: 26.7 | F33: 7.8 | H33: 25.9 | I33: 10.5 | J33: 37 | K33: =SUM(H33:J33) -> 73.4 | M33: 2.6 | N33: 33.9 | O33: =SUM(M33:N33) -> 36.5 | Q33: 12.9 | R33: 0 | S33: 0 | T33: =SUM(Q33:S33) -> 12.9 | V33: 13 | W33: 21 | X33: =+AVERAGE(V33:W33) -> 17 | Y33: 11 | Z33: 19 | AA33: =+AVERAGE(Y33:Z33) -> 15 | AB33: 0 | AC33: 5 | AD33: =+AVERAGE(AB33:AC33) -> 2.5 | AF33: 239.15 | AG33: =+AF33-AF32 -> 2.51 | AH33: 215 | AI33: 235 | AJ33: NORMAL | AK33: 131.69871 | AL33: =+AK33-AK32 -> 1.55038 | AM33: 110 | AN33: 142 | AO33: NORMAL | AP33: 82.02 | AQ33: 73 | AR33: 84 | AS33: 13.58 | AT33: 12 | AU33: 17 | AY33: =+AY32+1 -> 45430 | AZ33: 10655545 | BA33: 12565189 | BB33: 12048240 | BC33: 4945950 | BD33: =+AZ33+BB33+BC33 -> 27649735 | BE33: =+BD33/1000 -> 27649.735 | BG33: 13 | BH33: 6 | BI33: =+AVERAGE(BG33:BH33) -> 9.5 | BL33: =+A33 -> 45795 | BR33: =+TEXT(BS33,"dddd") -> domingo | BS33: =+BL33 -> 45795 | BT33: =BM33/1000 -> 0 | BU33: =BN33*$CA$9/$CA$8/1000 -> 0 | BV33: =BO33*$CA$10/$CA$8/1000 -> 0 | BW33: =BP33*$CA$11/$CA$8/1000 -> 0 | BX33: =+BT33+BU33+BV33+BW33 -> 0 | CC33: =+BL33 -> 45795
A34: 45796 | B34: 141.5 | C34: 51.4 | D34: 34.7 | E34: 38.5 | F34: 6 | H34: 26.7 | I34: 10.5 | J34: 38.7 | K34: =SUM(H34:J34) -> 75.9 | M34: 2.6 | N34: 30.7 | O34: =SUM(M34:N34) -> 33.3 | Q34: 19.5 | R34: 0 | S34: 0 | T34: =SUM(Q34:S34) -> 19.5 | V34: 10 | W34: 20 | X34: =+AVERAGE(V34:W34) -> 15 | Y34: 9 | Z34: 15 | AA34: =+AVERAGE(Y34:Z34) -> 12 | AB34: -1 | AC34: 6 | AD34: =+AVERAGE(AB34:AC34) -> 2.5 | AF34: 229.94 | AG34: =+AF34-AF33 -> -9.21 | AH34: 215 | AI34: 235 | AJ34: NORMAL | AK34: 128.11145 | AL34: =+AK34-AK33 -> -3.58726 | AM34: 110 | AN34: 142 | AO34: NORMAL | AP34: 83.8 | AQ34: 73 | AR34: 84 | AS34: 15.82 | AT34: 12 | AU34: 17 | AY34: =+AY33+1 -> 45431 | AZ34: 10625840 | BA34: 13463135 | BB34: 12059349 | BC34: 4945883 | BD34: =+AZ34+BB34+BC34 -> 27631072 | BE34: =+BD34/1000 -> 27631.072 | BG34: 14 | BH34: 7 | BI34: =+AVERAGE(BG34:BH34) -> 10.5 | BL34: =+A34 -> 45796 | BR34: =+TEXT(BS34,"dddd") -> lunes | BS34: =+BL34 -> 45796 | BT34: =BM34/1000 -> 0 | BU34: =BN34*$CA$9/$CA$8/1000 -> 0 | BV34: =BO34*$CA$10/$CA$8/1000 -> 0 | BW34: =BP34*$CA$11/$CA$8/1000 -> 0 | BX34: =+BT34+BU34+BV34+BW34 -> 0 | CC34: =+BL34 -> 45796
A35: 45797 | B35: 147.6 | C35: 56.1 | D35: 35.1 | E35: 40.5 | F35: 3.4 | H35: 27.9 | I35: 10.4 | J35: 39.6 | K35: =SUM(H35:J35) -> 77.9 | M35: 2.6 | N35: 30.8 | O35: =SUM(M35:N35) -> 33.4 | Q35: 21.2 | R35: 0 | S35: 0 | T35: =SUM(Q35:S35) -> 21.2 | V35: 11 | W35: 18 | X35: =+AVERAGE(V35:W35) -> 14.5 | Y35: 7 | Z35: 17 | AA35: =+AVERAGE(Y35:Z35) -> 12 | AB35: 1 | AC35: 8 | AD35: =+AVERAGE(AB35:AC35) -> 4.5 | AF35: 219.7 | AG35: =+AF35-AF34 -> -10.24 | AH35: 215 | AI35: 235 | AJ35: NORMAL | AK35: 123.19908 | AL35: =+AK35-AK34 -> -4.91237 | AM35: 110 | AN35: 142 | AO35: NORMAL | AP35: 77.31 | AQ35: 73 | AR35: 84 | AS35: 14.27 | AT35: 12 | AU35: 17 | AY35: =+AY34+1 -> 45432 | AZ35: 10830387 | BA35: 13266089 | BB35: 9042348 | BC35: 4960079 | BD35: =+AZ35+BB35+BC35 -> 24832814 | BE35: =+BD35/1000 -> 24832.814 | BG35: 16 | BH35: 9 | BI35: =+AVERAGE(BG35:BH35) -> 12.5 | BL35: =+A35 -> 45797 | BR35: =+TEXT(BS35,"dddd") -> martes | BS35: =+BL35 -> 45797 | BT35: =BM35/1000 -> 0 | BU35: =BN35*$CA$9/$CA$8/1000 -> 0 | BV35: =BO35*$CA$10/$CA$8/1000 -> 0 | BW35: =BP35*$CA$11/$CA$8/1000 -> 0 | BX35: =+BT35+BU35+BV35+BW35 -> 0 | CC35: =+BL35 -> 45797
A36: 45798 | B36: 151.4 | C36: 58.9 | D36: 37.4 | E36: 39.8 | F36: 4.9 | H36: 27.9 | I36: 10.1 | J36: 42.7 | K36: =SUM(H36:J36) -> 80.7 | M36: 2.5 | N36: 31.6 | O36: =SUM(M36:N36) -> 34.1 | Q36: 20.5 | R36: 0 | S36: 7 | T36: =SUM(Q36:S36) -> 27.5 | V36: 14 | W36: 19 | X36: =+AVERAGE(V36:W36) -> 16.5 | Y36: 9 | Z36: 15 | AA36: =+AVERAGE(Y36:Z36) -> 12 | AB36: 1 | AC36: 8 | AD36: =+AVERAGE(AB36:AC36) -> 4.5 | AF36: 214.96 | AG36: =+AF36-AF35 -> -4.74 | AH36: 215 | AI36: 235 | AJ36: NORMAL | AK36: 118.86396 | AL36: =+AK36-AK35 -> -4.33512 | AM36: 110 | AN36: 142 | AO36: NORMAL | AP36: 72.86 | AQ36: 73 | AR36: 84 | AS36: 14.09 | AT36: 12 | AU36: 17 | AY36: =+AY35+1 -> 45433 | AZ36: 11998233 | BA36: 12942585 | BB36: 6017759 | BC36: 7284937 | BD36: =+AZ36+BB36+BC36 -> 25300929 | BE36: =+BD36/1000 -> 25300.929 | BG36: 15 | BH36: 12 | BI36: =+AVERAGE(BG36:BH36) -> 13.5 | BL36: =+A36 -> 45798 | BR36: =+TEXT(BS36,"dddd") -> miércoles | BS36: =+BL36 -> 45798 | BT36: =BM36/1000 -> 0 | BU36: =BN36*$CA$9/$CA$8/1000 -> 0 | BV36: =BO36*$CA$10/$CA$8/1000 -> 0 | BW36: =BP36*$CA$11/$CA$8/1000 -> 0 | BX36: =+BT36+BU36+BV36+BW36 -> 0 | CC36: =+BL36 -> 45798
A37: 45799 | B37: 150 | C37: 58.8 | D37: 37.3 | E37: 36.5 | F37: 5.8 | H37: 27.1 | I37: 10.3 | J37: 42.6 | K37: =SUM(H37:J37) -> 80 | M37: 2.5 | N37: 33.1 | O37: =SUM(M37:N37) -> 35.6 | Q37: 18.7 | R37: 0 | S37: 10 | T37: =SUM(Q37:S37) -> 28.7 | V37: 15 | W37: 18 | X37: =+AVERAGE(V37:W37) -> 16.5 | Y37: 7 | Z37: 15 | AA37: =+AVERAGE(Y37:Z37) -> 11 | AB37: -2 | AC37: 8 | AD37: =+AVERAGE(AB37:AC37) -> 3 | AF37: 212.63 | AG37: =+AF37-AF36 -> -2.33 | AH37: 215 | AI37: 235 | AJ37: NORMAL | AK37: 115.32206 | AL37: =+AK37-AK36 -> -3.5419 | AM37: 110 | AN37: 142 | AO37: NORMAL | AP37: 73.6 | AQ37: 73 | AR37: 84 | AS37: 13.98 | AT37: 12 | AU37: 17 | AY37: =+AY36+1 -> 45434 | AZ37: 12112345 | BA37: 12742426 | BB37: 6025490 | BC37: 7434278 | BD37: =+AZ37+BB37+BC37 -> 25572113 | BE37: =+BD37/1000 -> 25572.113 | BG37: 14 | BH37: 12 | BI37: =+AVERAGE(BG37:BH37) -> 13 | BL37: =+A37 -> 45799 | BR37: =+TEXT(BS37,"dddd") -> jueves | BS37: =+BL37 -> 45799 | BT37: =BM37/1000 -> 0 | BU37: =BN37*$CA$9/$CA$8/1000 -> 0 | BV37: =BO37*$CA$10/$CA$8/1000 -> 0 | BW37: =BP37*$CA$11/$CA$8/1000 -> 0 | BX37: =+BT37+BU37+BV37+BW37 -> 0 | CC37: =+BL37 -> 45799
A38: 45800 | B38: 146 | C38: 57 | D38: 36.4 | E38: 32.5 | F38: 6.5 | H38: 27.8 | I38: 10 | J38: 42.7 | K38: =SUM(H38:J38) -> 80.5 | M38: 2.5 | N38: 34.6 | O38: =SUM(M38:N38) -> 37.1 | Q38: 19.2 | R38: 0 | S38: 12 | T38: =SUM(Q38:S38) -> 31.2 | V38: 14 | W38: 17 | X38: =+AVERAGE(V38:W38) -> 15.5 | Y38: 11 | Z38: 16 | AA38: =+AVERAGE(Y38:Z38) -> 13.5 | AB38: 1 | AC38: 8 | AD38: =+AVERAGE(AB38:AC38) -> 4.5 | AF38: 214.32859 | AG38: =+AF38-AF37 -> 1.698591 | AH38: 215 | AI38: 235 | AJ38: NORMAL | AK38: 116.45427 | AL38: =+AK38-AK37 -> 1.13221 | AM38: 110 | AN38: 142 | AO38: NORMAL | AP38: 72.33 | AQ38: 73 | AR38: 84 | AS38: 12.99 | AT38: 12 | AU38: 17 | AY38: =+AY37+1 -> 45435 | AZ38: 13005318 | BA38: 13401784 | BB38: 6024381 | BC38: 6596522 | BD38: =+AZ38+BB38+BC38 -> 25626221 | BE38: =+BD38/1000 -> 25626.221 | BG38: 15 | BH38: 12 | BI38: =+AVERAGE(BG38:BH38) -> 13.5 | BL38: =+A38 -> 45800 | BR38: =+TEXT(BS38,"dddd") -> viernes | BS38: =+BL38 -> 45800 | BT38: =BM38/1000 -> 0 | BU38: =BN38*$CA$9/$CA$8/1000 -> 0 | BV38: =BO38*$CA$10/$CA$8/1000 -> 0 | BW38: =BP38*$CA$11/$CA$8/1000 -> 0 | BX38: =+BT38+BU38+BV38+BW38 -> 0 | CC38: =+BL38 -> 45800
A39: 45801 | B39: 131.1 | C39: 50.6 | D39: 33.7 | E39: 28.8 | F39: 6.9 | H39: 24.9 | I39: 9.2 | J39: 42.2 | K39: =SUM(H39:J39) -> 76.3 | M39: 2.4 | N39: 34.9 | O39: =SUM(M39:N39) -> 37.3 | Q39: 19 | R39: 0 | S39: 8 | T39: =SUM(Q39:S39) -> 27 | V39: 14 | W39: 20 | X39: =+AVERAGE(V39:W39) -> 17 | Y39: 11 | Z39: 15 | AA39: =+AVERAGE(Y39:Z39) -> 13 | AB39: 2 | AC39: 8 | AD39: =+AVERAGE(AB39:AC39) -> 5 | AF39: 220.27846 | AG39: =+AF39-AF38 -> 5.949867 | AH39: 215 | AI39: 235 | AJ39: NORMAL | AK39: 120.00277 | AL39: =+AK39-AK38 -> 3.5485 | AM39: 110 | AN39: 142 | AO39: NORMAL | AP39: 72.14 | AQ39: 73 | AR39: 84 | AS39: 12.79 | AT39: 12 | AU39: 17 | AY39: =+AY38+1 -> 45436 | AZ39: 12058018 | BA39: 12551102 | BB39: 14045461 | BC39: 6978626 | BD39: =+AZ39+BB39+BC39 -> 33082105 | BE39: =+BD39/1000 -> 33082.105 | BG39: 13 | BH39: 7 | BI39: =+AVERAGE(BG39:BH39) -> 10 | BL39: =+A39 -> 45801 | BR39: =+TEXT(BS39,"dddd") -> sábado | BS39: =+BL39 -> 45801 | BT39: =BM39/1000 -> 0 | BU39: =BN39*$CA$9/$CA$8/1000 -> 0 | BV39: =BO39*$CA$10/$CA$8/1000 -> 0 | BW39: =BP39*$CA$11/$CA$8/1000 -> 0 | BX39: =+BT39+BU39+BV39+BW39 -> 0 | CC39: =+BL39 -> 45801
A40: 45802 | B40: 128.7 | C40: 47.6 | D40: 32 | E40: 27.8 | F40: 6.9 | H40: 27.3 | I40: 10.3 | J40: 41.5 | K40: =SUM(H40:J40) -> 79.1 | M40: 2.4 | N40: 36 | O40: =SUM(M40:N40) -> 38.4 | Q40: 18.9 | R40: 0 | S40: 3.5 | T40: =SUM(Q40:S40) -> 22.4 | V40: 15 | W40: 18 | X40: =+AVERAGE(V40:W40) -> 16.5 | Y40: 10 | Z40: 18 | AA40: =+AVERAGE(Y40:Z40) -> 14 | AB40: 3 | AC40: 11 | AD40: =+AVERAGE(AB40:AC40) -> 7 | AF40: 227.52 | AG40: =+AF40-AF39 -> 7.241542 | AH40: 215 | AI40: 235 | AJ40: NORMAL | AK40: 124.06767 | AL40: =+AK40-AK39 -> 4.0649 | AM40: 110 | AN40: 142 | AO40: NORMAL | AP40: 76.22 | AQ40: 73 | AR40: 84 | AS40: 13.12 | AT40: 12 | AU40: 17 | AY40: =+AY39+1 -> 45437 | AZ40: 13032172 | BA40: 12346967 | BB40: 15554452 | BC40: 5736124 | BD40: =+AZ40+BB40+BC40 -> 34322748 | BE40: =+BD40/1000 -> 34322.748 | BG40: 11 | BH40: 4 | BI40: =+AVERAGE(BG40:BH40) -> 7.5 | BL40: =+A40 -> 45802 | BR40: =+TEXT(BS40,"dddd") -> domingo | BS40: =+BL40 -> 45802 | BT40: =BM40/1000 -> 0 | BU40: =BN40*$CA$9/$CA$8/1000 -> 0 | BV40: =BO40*$CA$10/$CA$8/1000 -> 0 | BW40: =BP40*$CA$11/$CA$8/1000 -> 0 | BX40: =+BT40+BU40+BV40+BW40 -> 0 | CC40: =+BL40 -> 45802
... A53: 45815 | B53: 151.1 | C53: 63.3 | D53: 32.7 | E53: 37.1 | F53: 5.6 | H53: 28.2 | I53: 9.9 | J53: 43.1 | K53: =SUM(H53:J53) -> 81.2 | M53: 2.5 | N53: 32.5 | O53: =SUM(M53:N53) -> 35 | Q53: 22 | R53: 0 | S53: 13 | T53: =SUM(Q53:S53) -> 35 | V53: 10 | W53: 20 | X53: =+AVERAGE(V53:W53) -> 15 | Y53: 9 | Z53: 16 | AA53: =+AVERAGE(Y53:Z53) -> 12.5 | AB53: 0 | AC53: 9 | AD53: =+AVERAGE(AB53:AC53) -> 4.5 | AF53: 224.03 | AG53: =+AF53-AF52 -> 1.5 | AH53: 215 | AI53: 235 | AJ53: NORMAL | AK53: 119.29694 | AL53: =+AK53-AK52 -> -1.2464 | AM53: 110 | AN53: 142 | AO53: NORMAL | AP53: 76.59 | AQ53: 73 | AR53: 84 | AS53: 14.19 | AT53: 12 | AU53: 17 | AY53: =+AY52+1 -> 45450 | AZ53: 12939502 | BA53: 13210645 | BB53: 17430389 | BC53: 5040539 | BD53: =+AZ53+BB53+BC53 -> 35410430 | BE53: =+BD53/1000 -> 35410.43 | BG53: 18 | BH53: 14 | BI53: =+AVERAGE(BG53:BH53) -> 16 | BL53: =+A53 -> 45815 | BR53: =+TEXT(BS53,"dddd") -> sábado | BS53: =+BL53 -> 45815 | BT53: =BM53/1000 -> 0 | BU53: =BN53*$CA$9/$CA$8/1000 -> 0 | BV53: =BO53*$CA$10/$CA$8/1000 -> 0 | BW53: =BP53*$CA$11/$CA$8/1000 -> 0 | BX53: =+BT53+BU53+BV53+BW53 -> 0 | CC53: =+BL53 -> 45815
A54: 45816 | B54: 149.1 | C54: 64.4 | D54: 32.2 | E54: 35.2 | F54: 6.1 | H54: 28.1 | I54: 10 | J54: 43 | K54: =SUM(H54:J54) -> 81.1 | M54: 2.5 | N54: 35.2 | O54: =SUM(M54:N54) -> 37.7 | Q54: 21.3 | R54: 0 | S54: 18 | T54: =SUM(Q54:S54) -> 39.3 | Y54: 9 | Z54: 14 | AA54: =+AVERAGE(Y54:Z54) -> 11.5 | AB54: -1 | AC54: 7 | AD54: =+AVERAGE(AB54:AC54) -> 3 | AF54: 229.06 | AG54: =+AF54-AF53 -> 5.03 | AH54: 215 | AI54: 235 | AJ54: NORMAL | AK54: 123.35506 | AL54: =+AK54-AK53 -> 4.05812 | AM54: 110 | AN54: 142 | AO54: NORMAL | AP54: 77.83 | AQ54: 73 | AR54: 84 | AS54: 13.99 | AT54: 12 | AU54: 17 | AY54: =+AY53+1 -> 45451 | AZ54: 12388734 | BA54: 11528592 | BB54: 13036715 | BC54: 4952230 | BD54: =+AZ54+BB54+BC54 -> 30377679 | BE54: =+BD54/1000 -> 30377.679 | BG54: 20 | BH54: 15 | BI54: =+AVERAGE(BG54:BH54) -> 17.5 | BL54: =+A54 -> 45816 | BR54: =+TEXT(BS54,"dddd") -> domingo | BS54: =+BL54 -> 45816 | BT54: =BM54/1000 -> 0 | BU54: =BN54*$CA$9/$CA$8/1000 -> 0 | BV54: =BO54*$CA$10/$CA$8/1000 -> 0 | BW54: =BP54*$CA$11/$CA$8/1000 -> 0 | BX54: =+BT54+BU54+BV54+BW54 -> 0 | CC54: =+BL54 -> 45816
A55: 45817 | B55: 162.6 | C55: 69.9 | D55: 34.6 | E55: 37.8 | F55: 7 | H55: 28.1 | I55: 10 | J55: 43 | K55: =SUM(H55:J55) -> 81.1 | M55: 2.5 | N55: 34.5 | O55: =SUM(M55:N55) -> 37 | Q55: 20.3 | R55: 0 | S55: 16.2 | T55: =SUM(Q55:S55) -> 36.5 | Y55: 7 | Z55: 12 | AA55: =+AVERAGE(Y55:Z55) -> 9.5 | AB55: 0 | AC55: 10 | AD55: =+AVERAGE(AB55:AC55) -> 5 | AF55: 223.21 | AG55: =+AF55-AF54 -> -5.85 | AH55: 215 | AI55: 235 | AJ55: ALERTA | AK55: 121.10924 | AL55: =+AK55-AK54 -> -2.24582 | AM55: 110 | AN55: 142 | AO55: NORMAL | AP55: 83.13 | AQ55: 73 | AR55: 84 | AS55: 13.95 | AT55: 12 | AU55: 17 | AY55: =+AY54+1 -> 45452 | AZ55: 11901178 | BA55: 9728800 | BB55: 12046369 | BC55: 4809885 | BD55: =+AZ55+BB55+BC55 -> 28757432 | BE55: =+BD55/1000 -> 28757.432 | BG55: 26 | BH55: 18 | BI55: =+AVERAGE(BG55:BH55) -> 22 | BL55: =+A55 -> 45817 | BR55: =+TEXT(BS55,"dddd") -> lunes | BS55: =+BL55 -> 45817 | BT55: =BM55/1000 -> 0 | BU55: =BN55*$CA$9/$CA$8/1000 -> 0 | BV55: =BO55*$CA$10/$CA$8/1000 -> 0 | BW55: =BP55*$CA$11/$CA$8/1000 -> 0 | BX55: =+BT55+BU55+BV55+BW55 -> 0 | CC55: =+BL55 -> 45817
A56: 45818 | B56: 161.8 | C56: 69.1 | D56: 34.5 | E56: 38.5 | F56: 6 | H56: 28.1 | I56: 10.1 | J56: 43.5 | K56: =SUM(H56:J56) -> 81.7 | M56: 2.5 | N56: 35.1 | O56: =SUM(M56:N56) -> 37.6 | Q56: 21.6 | R56: 0 | S56: 16.6 | T56: =SUM(Q56:S56) -> 38.2 | Y56: 7 | Z56: 14 | AA56: =+AVERAGE(Y56:Z56) -> 10.5 | AB56: 3 | AC56: 10 | AD56: =+AVERAGE(AB56:AC56) -> 6.5 | AF56: 222.09 | AG56: =+AF56-AF55 -> -1.12 | AH56: 215 | AI56: 235 | AJ56: NORMAL | AK56: 117.98278 | AL56: =+AK56-AK55 -> -3.12646 | AM56: 110 | AN56: 142 | AO56: NORMAL | AP56: 78.26 | AQ56: 73 | AR56: 84 | AS56: 13.48 | AT56: 12 | AU56: 17 | AV56: 19.78 | AY56: =+AY55+1 -> 45453 | AZ56: 8814524 | BA56: 11484502 | BB56: 14057356 | BC56: 4915785 | BD56: =+AZ56+BB56+BC56 -> 27787665 | BE56: =+BD56/1000 -> 27787.665 | BG56: 19 | BH56: 14 | BI56: =+AVERAGE(BG56:BH56) -> 16.5 | BL56: =+A56 -> 45818 | BR56: =+TEXT(BS56,"dddd") -> martes | BS56: =+BL56 -> 45818 | BT56: =BM56/1000 -> 0 | BU56: =BN56*$CA$9/$CA$8/1000 -> 0 | BV56: =BO56*$CA$10/$CA$8/1000 -> 0 | BW56: =BP56*$CA$11/$CA$8/1000 -> 0 | BX56: =+BT56+BU56+BV56+BW56 -> 0 | CC56: =+BL56 -> 45818
A57: 45819 | B57: 155 | C57: 68 | D57: 34.9 | E57: 32.9 | F57: 6.8 | H57: 28 | I57: 10 | J57: 40.8 | K57: =SUM(H57:J57) -> 78.8 | M57: 2.5 | N57: 34.1 | O57: =SUM(M57:N57) -> 36.6 | Q57: 17.3 | R57: 0 | S57: 18.4 | T57: =SUM(Q57:S57) -> 35.7 | Y57: 10 | Z57: 15 | AA57: =+AVERAGE(Y57:Z57) -> 12.5 | AB57: 2 | AC57: 11 | AD57: =+AVERAGE(AB57:AC57) -> 6.5 | AF57: 218.29 | AG57: =+AF57-AF56 -> -3.8 | AH57: 215 | AI57: 235 | AJ57: NORMAL | AK57: 117.86392 | AL57: =+AK57-AK56 -> -0.11886 | AM57: 110 | AN57: 142 | AO57: ALERTA | AP57: 79.67 | AQ57: 73 | AR57: 84 | AS57: 12.75 | AT57: 12 | AU57: 17 | AV57: 25.12 | AY57: =+AY56+1 -> 45454 | AZ57: 10596154 | BA57: 10458655 | BB57: 9035419 | BC57: 5023301 | BD57: =+AZ57+BB57+BC57 -> 24654874 | BE57: =+BD57/1000 -> 24654.874 | BG57: 17 | BH57: 12 | BI57: =+AVERAGE(BG57:BH57) -> 14.5 | BL57: =+A57 -> 45819 | BR57: =+TEXT(BS57,"dddd") -> miércoles | BS57: =+BL57 -> 45819 | BT57: =BM57/1000 -> 0 | BU57: =BN57*$CA$9/$CA$8/1000 -> 0 | BV57: =BO57*$CA$10/$CA$8/1000 -> 0 | BW57: =BP57*$CA$11/$CA$8/1000 -> 0 | BX57: =+BT57+BU57+BV57+BW57 -> 0 | CC57: =+BL57 -> 45819
A58: 45820 | B58: 154.5 | C58: 69.6 | D58: 35.2 | E58: 31.7 | F58: 5.7 | H58: 28 | I58: 10.1 | J58: 43.4 | K58: =SUM(H58:J58) -> 81.5 | M58: 3.3 | N58: 34.5 | O58: =SUM(M58:N58) -> 37.8 | Q58: 18 | R58: 0 | S58: 18 | T58: =SUM(Q58:S58) -> 36 | Y58: 10 | Z58: 17 | AA58: =+AVERAGE(Y58:Z58) -> 13.5 | AB58: 2 | AC58: 7 | AD58: =+AVERAGE(AB58:AC58) -> 4.5 | AF58: 217.84 | AG58: =+AF58-AF57 -> -0.45 | AH58: 215 | AI58: 235 | AJ58: NORMAL | AK58: 119.33565 | AL58: =+AK58-AK57 -> 1.47173 | AM58: 110 | AN58: 142 | AO58: ALERTA | AP58: 77.16 | AQ58: 73 | AR58: 84 | AS58: 14.32 | AT58: 12 | AU58: 17 | AV58: 41.01 | AW58: 0.9 | AY58: =+AY57+1 -> 45455 | AZ58: 13335911 | BA58: 12800150 | BB58: 8020616 | BC58: 4988394 | BD58: =+AZ58+BB58+BC58 -> 26344921 | BE58: =+BD58/1000 -> 26344.921 | BG58: 19 | BH58: 15 | BI58: =+AVERAGE(BG58:BH58) -> 17 | BL58: =+A58 -> 45820 | BR58: =+TEXT(BS58,"dddd") -> jueves | BS58: =+BL58 -> 45820 | BT58: =BM58/1000 -> 0 | BU58: =BN58*$CA$9/$CA$8/1000 -> 0 | BV58: =BO58*$CA$10/$CA$8/1000 -> 0 | BW58: =BP58*$CA$11/$CA$8/1000 -> 0 | BX58: =+BT58+BU58+BV58+BW58 -> 0 | CC58: =+BL58 -> 45820
A59: 45821 | B59: 156.7 | C59: 69.3 | D59: 34.9 | E59: 31.5 | F59: 7.3 | H59: 28.1 | I59: 9.9 | J59: 43.4 | K59: =SUM(H59:J59) -> 81.4 | M59: 3.5 | N59: 36 | O59: =SUM(M59:N59) -> 39.5 | Q59: 19.2 | R59: 0 | S59: 14 | T59: =SUM(Q59:S59) -> 33.2 | Y59: 12 | Z59: 14 | AA59: =+AVERAGE(Y59:Z59) -> 13 | AB59: 2 | AC59: 7 | AD59: =+AVERAGE(AB59:AC59) -> 4.5 | AF59: 215.22 | AG59: =+AF59-AF58 -> -2.62 | AH59: 215 | AI59: 235 | AJ59: NORMAL | AK59: 119.32676 | AL59: =+AK59-AK58 -> -0.00889 | AM59: 110 | AN59: 142 | AO59: ALERTA | AP59: 80.17 | AQ59: 73 | AR59: 84 | AS59: 14.42 | AT59: 12 | AU59: 17 | AV59: 22.89 | AW59: 1 | AY59: =+AY58+1 -> 45456 | AZ59: 11849969 | BA59: 12485895 | BB59: 4141951 | BC59: 4962798 | BD59: =+AZ59+BB59+BC59 -> 20954718 | BE59: =+BD59/1000 -> 20954.718 | BG59: 23 | BH59: 19 | BI59: =+AVERAGE(BG59:BH59) -> 21 | BL59: =+A59 -> 45821 | BR59: =+TEXT(BS59,"dddd") -> viernes | BS59: =+BL59 -> 45821 | BT59: =BM59/1000 -> 0 | BU59: =BN59*$CA$9/$CA$8/1000 -> 0 | BV59: =BO59*$CA$10/$CA$8/1000 -> 0 | BW59: =BP59*$CA$11/$CA$8/1000 -> 0 | BX59: =+BT59+BU59+BV59+BW59 -> 0 | CC59: =+BL59 -> 45821
A60: 45822 | B60: 153.6 | C60: 70.1 | D60: 33.1 | E60: 29.6 | F60: 6.8 | H60: 27.9 | I60: 10.1 | J60: 43.5 | K60: =SUM(H60:J60) -> 81.5 | M60: 3.3 | N60: 35.3 | O60: =SUM(M60:N60) -> 38.6 | Q60: 19.3 | R60: 0 | S60: 14.971142 | T60: =SUM(Q60:S60) -> 34.271142 | Y60: 8 | Z60: 13 | AA60: =+AVERAGE(Y60:Z60) -> 10.5 | AB60: 2 | AC60: 7 | AD60: =+AVERAGE(AB60:AC60) -> 4.5 | AF60: 214.62 | AG60: =+AF60-AF59 -> -0.6 | AH60: 215 | AI60: 235 | AJ60: NORMAL | AK60: 120.75587 | AL60: =+AK60-AK59 -> 1.42911 | AM60: 110 | AN60: 142 | AO60: ALERTA | AP60: 78.39 | AQ60: 73 | AR60: 84 | AS60: 14.13 | AT60: 12 | AU60: 17 | AV60: 10.77 | AW60: 0.7 | AY60: =+AY59+1 -> 45457 | AZ60: 12066422 | BA60: 10778481 | BB60: 232869 | BC60: 4950399 | BD60: =+AZ60+BB60+BC60 -> 17249690 | BE60: =+BD60/1000 -> 17249.69 | BG60: 23 | BH60: 18 | BI60: =+AVERAGE(BG60:BH60) -> 20.5 | BL60: =+A60 -> 45822 | BR60: =+TEXT(BS60,"dddd") -> sábado | BS60: =+BL60 -> 45822 | BT60: =BM60/1000 -> 0 | BU60: =BN60*$CA$9/$CA$8/1000 -> 0 | BV60: =BO60*$CA$10/$CA$8/1000 -> 0 | BW60: =BP60*$CA$11/$CA$8/1000 -> 0 | BX60: =+BT60+BU60+BV60+BW60 -> 0 | CC60: =+BL60 -> 45822
A61: 45823 | B61: 146.4 | C61: 67.9 | D61: 32.3 | E61: 28 | F61: 7 | H61: 28 | I61: 10.5 | J61: 42 | K61: =SUM(H61:J61) -> 80.5 | M61: 3 | N61: 35.2 | O61: =SUM(M61:N61) -> 38.2 | Q61: 20 | R61: 0 | S61: 17.899303 | T61: =SUM(Q61:S61) -> 37.899303 | Y61: 5 | Z61: 13 | AA61: =+AVERAGE(Y61:Z61) -> 9 | AB61: 1 | AC61: 8 | AD61: =+AVERAGE(AB61:AC61) -> 4.5 | AF61: 222.28 | AG61: =+AF61-AF60 -> 7.66 | AH61: 215 | AI61: 235 | AJ61: NORMAL | AK61: 123.35477 | AL61: =+AK61-AK60 -> 2.598899 | AM61: 110 | AN61: 142 | AO61: NORMAL | AP61: 79.27 | AQ61: 73 | AR61: 84 | AS61: 14.21 | AT61: 12 | AU61: 17 | AV61: 51.65 | AW61: 0.8 | AY61: =+AY60+1 -> 45458 | AZ61: 12180490 | BA61: 11997126 | BB61: 2177036 | BC61: 5073219 | BD61: =+AZ61+BB61+BC61 -> 19430745 | BE61: =+BD61/1000 -> 19430.745 | BG61: 19 | BH61: 13 | BI61: =+AVERAGE(BG61:BH61) -> 16 | BL61: =+A61 -> 45823 | BR61: =+TEXT(BS61,"dddd") -> domingo | BS61: =+BL61 -> 45823 | BT61: =BM61/1000 -> 0 | BU61: =BN61*$CA$9/$CA$8/1000 -> 0 | BV61: =BO61*$CA$10/$CA$8/1000 -> 0 | BW61: =BP61*$CA$11/$CA$8/1000 -> 0 | BX61: =+BT61+BU61+BV61+BW61 -> 0 | CC61: =+BL61 -> 45823
A62: 45824 | B62: 148.6 | C62: 68.2 | D62: 33.6 | E62: 30.9 | F62: 3.5 | H62: 27.9 | I62: 10.2 | J62: 41.2 | K62: =SUM(H62:J62) -> 79.3 | M62: 3.4 | N62: 33.6 | O62: =SUM(M62:N62) -> 37 | Q62: 19.5 | R62: 0 | S62: 17.83518 | T62: =SUM(Q62:S62) -> 37.33518 | Y62: 8 | Z62: 14 | AA62: =+AVERAGE(Y62:Z62) -> 11 | AB62: 1 | AC62: 6 | AD62: =+AVERAGE(AB62:AC62) -> 3.5 | AF62: 223.18 | AG62: =+AF62-AF61 -> 0.9 | AH62: 215 | AI62: 235 | AJ62: NORMAL | AK62: 128.6934 | AL62: =+AK62-AK61 -> 5.338634 | AM62: 110 | AN62: 142 | AO62: NORMAL | AP62: 83.64 | AQ62: 73 | AR62: 84 | AS62: 14.41 | AT62: 12 | AU62: 17 | AV62: 33.53 | AW62: 0.9 | AY62: =+AY61+1 -> 45459 | AZ62: 12397577 | BA62: 12903172 | BB62: 3011324 | BC62: 5031427 | BD62: =+AZ62+BB62+BC62 -> 20440328 | BE62: =+BD62/1000 -> 20440.328 | BG62: 16 | BH62: 14 | BI62: =+AVERAGE(BG62:BH62) -> 15 | BL62: =+A62 -> 45824 | BR62: =+TEXT(BS62,"dddd") -> lunes | BS62: =+BL62 -> 45824 | BT62: =BM62/1000 -> 0 | BU62: =BN62*$CA$9/$CA$8/1000 -> 0 | BV62: =BO62*$CA$10/$CA$8/1000 -> 0 | BW62: =BP62*$CA$11/$CA$8/1000 -> 0 | BX62: =+BT62+BU62+BV62+BW62 -> 0 | CC62: =+BL62 -> 45824
A63: 45825 | B63: 164.8 | C63: 73.6 | D63: 35.6 | E63: 39.6 | F63: 3.9 | H63: 27.8 | I63: 10.2 | J63: 42.1 | K63: =SUM(H63:J63) -> 80.1 | M63: 5.4 | N63: 33.5 | O63: =SUM(M63:N63) -> 38.9 | Q63: 21.6 | R63: 0 | S63: 18.12694 | T63: =SUM(Q63:S63) -> 39.72694 | Y63: 9 | Z63: 20 | AA63: =+AVERAGE(Y63:Z63) -> 14.5 | AB63: 0 | AC63: 6 | AD63: =+AVERAGE(AB63:AC63) -> 3 | AF63: 217.68 | AG63: =+AF63-AF62 -> -5.5 | AH63: 215 | AI63: 235 | AJ63: NORMAL | AK63: 127.24896 | AL63: =+AK63-AK62 -> -1.444443 | AM63: 110 | AN63: 142 | AO63: NORMAL | AP63: 81.56 | AQ63: 73 | AR63: 84 | AS63: 13.99 | AT63: 12 | AU63: 17 | AV63: 39.66 | AW63: 2.9 | AY63: =+AY62+1 -> 45460 | AZ63: 12729501 | BA63: 12247570 | BB63: 7030341 | BC63: 4979093 | BD63: =+AZ63+BB63+BC63 -> 24738935 | BE63: =+BD63/1000 -> 24738.935 | BG63: 16 | BH63: 13 | BI63: =+AVERAGE(BG63:BH63) -> 14.5 | BL63: =+A63 -> 45825 | BR63: =+TEXT(BS63,"dddd") -> martes | BS63: =+BL63 -> 45825 | BT63: =BM63/1000 -> 0 | BU63: =BN63*$CA$9/$CA$8/1000 -> 0 | BV63: =BO63*$CA$10/$CA$8/1000 -> 0 | BW63: =BP63*$CA$11/$CA$8/1000 -> 0 | BX63: =+BT63+BU63+BV63+BW63 -> 0 | CC63: =+BL63 -> 45825
A64: 45826 | B64: 168.9 | C64: 75.9 | D64: 35.6 | E64: 39.5 | F64: 6.7 | H64: 27.8 | I64: 10.2 | J64: 43.5 | K64: =SUM(H64:J64) -> 81.5 | M64: 6.5 | N64: 35 | O64: =SUM(M64:N64) -> 41.5 | Q64: 23.2 | R64: 0 | S64: 20.074158 | T64: =SUM(Q64:S64) -> 43.274158 | Y64: 7 | Z64: 17 | AA64: =+AVERAGE(Y64:Z64) -> 12 | AB64: 1 | AC64: 6 | AD64: =+AVERAGE(AB64:AC64) -> 3.5 | AF64: 218.39 | AG64: =+AF64-AF63 -> 0.71 | AH64: 215 | AI64: 235 | AJ64: NORMAL | AK64: 124.06787 | AL64: =+AK64-AK63 -> -3.18109 | AM64: 110 | AN64: 142 | AO64: NORMAL | AP64: 76.71 | AQ64: 73 | AR64: 84 | AS64: 13.32 | AT64: 12 | AU64: 17 | AV64: 49.08 | AW64: 4 | AY64: =+AY63+1 -> 45461 | AZ64: 12510215 | BA64: 13175482 | BB64: 12037716 | BC64: 4981998 | BD64: =+AZ64+BB64+BC64 -> 29529929 | BE64: =+BD64/1000 -> 29529.929 | BG64: 17 | BH64: 15 | BI64: =+AVERAGE(BG64:BH64) -> 16 | BL64: =+A64 -> 45826 | BR64: =+TEXT(BS64,"dddd") -> miércoles | BS64: =+BL64 -> 45826 | BT64: =BM64/1000 -> 0 | BU64: =BN64*$CA$9/$CA$8/1000 -> 0 | BV64: =BO64*$CA$10/$CA$8/1000 -> 0 | BW64: =BP64*$CA$11/$CA$8/1000 -> 0 | BX64: =+BT64+BU64+BV64+BW64 -> 0 | CC64: =+BL64 -> 45826
A65: 45827 | B65: 161.6 | C65: 72.9 | D65: 34.5 | E65: 34.8 | F65: 6.8 | H65: 27.8 | I65: 10 | J65: 43.3 | K65: =SUM(H65:J65) -> 81.1 | M65: 3.8 | N65: 35.6 | O65: =SUM(M65:N65) -> 39.4 | Q65: 22.1 | R65: 0 | S65: 19.85852 | T65: =SUM(Q65:S65) -> 41.95852 | Y65: 7 | Z65: 15 | AA65: =+AVERAGE(Y65:Z65) -> 11 | AB65: 1 | AC65: 10 | AD65: =+AVERAGE(AB65:AC65) -> 5.5 | AF65: 219.01 | AG65: =+AF65-AF64 -> 0.62 | AH65: 215 | AI65: 235 | AJ65: NORMAL | AK65: 124.21643 | AL65: =+AK65-AK64 -> 0.14856 | AM65: 110 | AN65: 142 | AO65: NORMAL | AP65: 78.1 | AQ65: 73 | AR65: 84 | AS65: 12.88 | AT65: 12 | AU65: 17 | AV65: 28.66 | AW65: 1.5 | AY65: =+AY64+1 -> 45462 | AZ65: 12781182 | BA65: 12512517 | BB65: 13050401 | BC65: 4989473 | BD65: =+AZ65+BB65+BC65 -> 30821056 | BE65: =+BD65/1000 -> 30821.056 | BG65: 18 | BH65: 15 | BI65: =+AVERAGE(BG65:BH65) -> 16.5 | BL65: =+A65 -> 45827 | BR65: =+TEXT(BS65,"dddd") -> jueves | BS65: =+BL65 -> 45827 | BT65: =BM65/1000 -> 0 | BU65: =BN65*$CA$9/$CA$8/1000 -> 0 | BV65: =BO65*$CA$10/$CA$8/1000 -> 0 | BW65: =BP65*$CA$11/$CA$8/1000 -> 0 | BX65: =+BT65+BU65+BV65+BW65 -> 0 | CC65: =+BL65 -> 45827
A66: 45828 | B66: 157.3 | C66: 68.4 | D66: 33.1 | E66: 34.7 | F66: 7 | H66: 27.9 | I66: 10.1 | J66: 42.9 | K66: =SUM(H66:J66) -> 80.9 | M66: 3.6 | N66: 35.2 | O66: =SUM(M66:N66) -> 38.8 | Q66: 20.4 | R66: 0 | S66: 19.00926 | T66: =SUM(Q66:S66) -> 39.40926 | Y66: 8 | Z66: 18 | AA66: =+AVERAGE(Y66:Z66) -> 13 | AB66: 3 | AC66: 10 | AD66: =+AVERAGE(AB66:AC66) -> 6.5 | AF66: 220.8 | AG66: =+AF66-AF65 -> 1.79 | AH66: 215 | AI66: 235 | AJ66: NORMAL | AK66: 124.14756 | AL66: =+AK66-AK65 -> -0.06887 | AM66: 110 | AN66: 142 | AO66: NORMAL | AP66: 79.03 | AQ66: 73 | AR66: 84 | AS66: 12.71 | AT66: 12 | AU66: 17 | AV66: 63.54 | AW66: 1.1 | AY66: =+AY65+1 -> 45463 | AZ66: 13006514 | BA66: 13149043 | BB66: 15005634 | BC66: 4967346 | BD66: =+AZ66+BB66+BC66 -> 32979494 | BE66: =+BD66/1000 -> 32979.494 | BG66: 15 | BH66: 9 | BI66: =+AVERAGE(BG66:BH66) -> 12 | BL66: =+A66 -> 45828 | BR66: =+TEXT(BS66,"dddd") -> viernes | BS66: =+BL66 -> 45828 | BT66: =BM66/1000 -> 0 | BU66: =BN66*$CA$9/$CA$8/1000 -> 0 | BV66: =BO66*$CA$10/$CA$8/1000 -> 0 | BW66: =BP66*$CA$11/$CA$8/1000 -> 0 | BX66: =+BT66+BU66+BV66+BW66 -> 0 | CC66: =+BL66 -> 45828
A67: 45829 | B67: 154.9 | C67: 68.2 | D67: 32.7 | E67: 32.8 | F67: 7.8 | H67: 28 | I67: 9.8 | J67: 42.5 | K67: =SUM(H67:J67) -> 80.3 | M67: 4.3 | N67: 35.2 | O67: =SUM(M67:N67) -> 39.5 | Q67: 19.9 | R67: 0 | S67: 16.955376 | T67: =SUM(Q67:S67) -> 36.855376 | Y67: 8 | Z67: 17 | AA67: =+AVERAGE(Y67:Z67) -> 12.5 | AB67: 1 | AC67: 7 | AD67: =+AVERAGE(AB67:AC67) -> 4 | AF67: 222.6 | AG67: =+AF67-AF66 -> 1.8 | AH67: 215 | AI67: 235 | AJ67: NORMAL | AK67: 124.21294 | AL67: =+AK67-AK66 -> 0.065382 | AM67: 110 | AN67: 142 | AO67: NORMAL | AP67: 80.11 | AQ67: 73 | AR67: 84 | AS67: 12.69 | AT67: 12 | AU67: 17 | AV67: 43.42 | AW67: 2.1 | AY67: =+AY66+1 -> 45464 | AZ67: 13020495 | BA67: 12786166 | BB67: 17642595 | BC67: 4965705 | BD67: =+AZ67+BB67+BC67 -> 35628795 | BE67: =+BD67/1000 -> 35628.795 | BG67: 18 | BH67: 13 | BI67: =+AVERAGE(BG67:BH67) -> 15.5 | BL67: =+A67 -> 45829 | BR67: =+TEXT(BS67,"dddd") -> sábado | BS67: =+BL67 -> 45829 | BT67: =BM67/1000 -> 0 | BU67: =BN67*$CA$9/$CA$8/1000 -> 0 | BV67: =BO67*$CA$10/$CA$8/1000 -> 0 | BW67: =BP67*$CA$11/$CA$8/1000 -> 0 | BX67: =+BT67+BU67+BV67+BW67 -> 0 | CC67: =+BL67 -> 45829
A68: 45830 | B68: 154.2 | C68: 71.4 | D68: 32.5 | E68: 29.4 | F68: 7.2 | H68: 27.5 | I68: 9.9 | J68: 42.4 | K68: =SUM(H68:J68) -> 79.8 | M68: 5.5 | N68: 35.8 | O68: =SUM(M68:N68) -> 41.3 | Q68: 20.8 | R68: 0 | S68: 18.01862 | T68: =SUM(Q68:S68) -> 38.81862 | Y68: 6 | Z68: 15 | AA68: =+AVERAGE(Y68:Z68) -> 10.5 | AB68: -3 | AC68: 4 | AD68: =+AVERAGE(AB68:AC68) -> 0.5 | AF68: 224.81 | AG68: =+AF68-AF67 -> 2.21 | AH68: 215 | AI68: 235 | AJ68: NORMAL | AK68: 127.91149 | AL68: =+AK68-AK67 -> 3.698548 | AM68: 110 | AN68: 142 | AO68: NORMAL | AP68: 80.97 | AQ68: 73 | AR68: 84 | AS68: 13.02 | AT68: 12 | AU68: 17 | AV68: 26.3 | AW68: 3.4 | AY68: =+AY67+1 -> 45465 | AZ68: 12784627 | BA68: 12662884 | BB68: 18068299 | BC68: 4962050 | BD68: =+AZ68+BB68+BC68 -> 35814976 | BE68: =+BD68/1000 -> 35814.976 | BG68: 18 | BH68: 14 | BI68: =+AVERAGE(BG68:BH68) -> 16 | BL68: =+A68 -> 45830 | BR68: =+TEXT(BS68,"dddd") -> domingo | BS68: =+BL68 -> 45830 | BT68: =BM68/1000 -> 0 | BU68: =BN68*$CA$9/$CA$8/1000 -> 0 | BV68: =BO68*$CA$10/$CA$8/1000 -> 0 | BW68: =BP68*$CA$11/$CA$8/1000 -> 0 | BX68: =+BT68+BU68+BV68+BW68 -> 0 | CC68: =+BL68 -> 45830
A69: 45831 | B69: 170.3 | C69: 85.8 | D69: 34.7 | E69: 28.8 | F69: 7.2 | H69: 27.9 | I69: 9.7 | J69: 42.5 | K69: =SUM(H69:J69) -> 80.1 | M69: 3.1 | N69: 36.1 | O69: =SUM(M69:N69) -> 39.2 | Q69: 22.1 | R69: 0 | S69: 19.064487 | T69: =SUM(Q69:S69) -> 41.164487 | Y69: 3 | Z69: 9 | AA69: =+AVERAGE(Y69:Z69) -> 6 | AB69: -3 | AC69: 6 | AD69: =+AVERAGE(AB69:AC69) -> 1.5 | AF69: 218.8 | AG69: =+AF69-AF68 -> -6.01 | AH69: 215 | AI69: 235 | AJ69: NORMAL | AK69: 123.96213 | AL69: =+AK69-AK68 -> -3.949357 | AM69: 110 | AN69: 142 | AO69: NORMAL | AP69: 83.76 | AQ69: 73 | AR69: 84 | AS69: 14.2 | AT69: 12 | AU69: 17 | AV69: 63.18 | AW69: 0.8 | AY69: =+AY68+1 -> 45466 | AZ69: 12638923 | BA69: 12746155 | BB69: 18073949 | BC69: 4983630 | BD69: =+AZ69+BB69+BC69 -> 35696502 | BE69: =+BD69/1000 -> 35696.502 | BG69: 15 | BH69: 9 | BI69: =+AVERAGE(BG69:BH69) -> 12 | BL69: =+A69 -> 45831 | BR69: =+TEXT(BS69,"dddd") -> lunes | BS69: =+BL69 -> 45831 | BT69: =BM69/1000 -> 0 | BU69: =BN69*$CA$9/$CA$8/1000 -> 0 | BV69: =BO69*$CA$10/$CA$8/1000 -> 0 | BW69: =BP69*$CA$11/$CA$8/1000 -> 0 | BX69: =+BT69+BU69+BV69+BW69 -> 0 | CC69: =+BL69 -> 45831
... A76: 45838 | B76: 166.7 | C76: 98.4 | D76: 31.6 | E76: 22.1 | F76: 3.7 | H76: 27.8 | I76: 10.2 | J76: 41.5 | K76: =SUM(H76:J76) -> 79.5 | M76: 5.5 | N76: 30.7 | O76: =SUM(M76:N76) -> 36.2 | Q76: 16.6 | R76: 0 | S76: 19.968746 | T76: =SUM(Q76:S76) -> 36.568746 | Y76: 1 | Z76: 5 | AA76: =+AVERAGE(Y76:Z76) -> 3 | AB76: -12 | AC76: -1 | AD76: =+AVERAGE(AB76:AC76) -> -6.5 | AF76: 209.44 | AG76: =+AF76-AF75 -> -5.26 | AH76: 215 | AI76: 235 | AJ76: ALERTA | AK76: 115.90053 | AL76: =+AK76-AK75 -> -7.203525 | AM76: 110 | AN76: 142 | AO76: ALERTA | AP76: 80.57 | AQ76: 73 | AR76: 84 | AS76: 13.21 | AT76: 12 | AU76: 17 | AV76: 57.07 | AW76: 2.9 | AY76: =+AY75+1 -> 45473 | AZ76: 13625188 | BA76: 13290730 | BB76: 18060188 | BC76: 4963975 | BD76: =+AZ76+BB76+BC76 -> 36649351 | BE76: =+BD76/1000 -> 36649.351 | BG76: 14 | BH76: 3 | BI76: =+AVERAGE(BG76:BH76) -> 8.5 | BL76: =+A76 -> 45838 | BR76: =+TEXT(BS76,"dddd") -> lunes | BS76: =+BL76 -> 45838 | BT76: =BM76/1000 -> 0 | BU76: =BN76*$CA$9/$CA$8/1000 -> 0 | BV76: =BO76*$CA$10/$CA$8/1000 -> 0 | BW76: =BP76*$CA$11/$CA$8/1000 -> 0 | BX76: =+BT76+BU76+BV76+BW76 -> 0 | CC76: =+BL76 -> 45838
A77: 45839 | B77: 162 | C77: 96.9 | D77: 27.2 | E77: 20.3 | F77: 0.6 | H77: 27.8 | I77: 9.5 | J77: 43.5 | K77: =SUM(H77:J77) -> 80.8 | M77: 5.4 | N77: 31.1 | O77: =SUM(M77:N77) -> 36.5 | Q77: 16.9 | R77: 0 | S77: 20.070173 | T77: =SUM(Q77:S77) -> 36.970173 | Y77: 1 | Z77: 8 | AA77: =+AVERAGE(Y77:Z77) -> 4.5 | AB77: -6 | AC77: 4 | AD77: =+AVERAGE(AB77:AC77) -> -1 | AF77: 207.29 | AG77: =+AF77-AF76 -> -2.15 | AH77: 215 | AI77: 235 | AJ77: CRITICO | AK77: 112.03434 | AL77: =+AK77-AK76 -> -3.866189 | AM77: 110 | AN77: 142 | AO77: ALERTA | AP77: 68.2 | AQ77: 73 | AR77: 84 | AS77: 12.61 | AT77: 12 | AU77: 17 | AV77: 36.95 | AW77: 1.8 | AY77: =+AY76+1 -> 45474 | AZ77: 13799657 | BA77: 12762158 | BB77: 18834580 | BC77: 4896698 | BD77: =+AZ77+BB77+BC77 -> 37530935 | BE77: =+BD77/1000 -> 37530.935 | BG77: 16 | BH77: 9 | BI77: =+AVERAGE(BG77:BH77) -> 12.5 | BL77: =+A77 -> 45839 | BM77: 25052 | BN77: 29788 | BO77: 5889 | BP77: 3313 | BR77: =+TEXT(BS77,"dddd") -> martes | BS77: =+BL77 -> 45839 | BT77: =BM77/1000 -> 25.052 | BU77: =BN77*$CA$9/$CA$8/1000 -> 30.426314 | BV77: =BO77*$CA$10/$CA$8/1000 -> 6.8705 | BW77: =BP77*$CA$11/$CA$8/1000 -> 2.1297857 | BX77: =+BT77+BU77+BV77+BW77 -> 64.4786 | CC77: =+BL77 -> 45839
A78: 45840 | B78: 152.2 | C78: 95.9 | D78: 22.8 | E78: 19.4 | F78: 0.6 | H78: 27.9 | I78: 8.8 | J78: 43 | K78: =SUM(H78:J78) -> 79.7 | M78: 5 | N78: 33.3 | O78: =SUM(M78:N78) -> 38.3 | Q78: 20.7 | R78: 0 | S78: 19.972654 | T78: =SUM(Q78:S78) -> 40.672654 | Y78: 2 | Z78: 10 | AA78: =+AVERAGE(Y78:Z78) -> 6 | AB78: 0 | AC78: 8 | AD78: =+AVERAGE(AB78:AC78) -> 4 | AF78: 213.88 | AG78: =+AF78-AF77 -> 6.59 | AH78: 215 | AI78: 235 | AJ78: CRITICO | AK78: 113.84832 | AL78: =+AK78-AK77 -> 1.813984 | AM78: 110 | AN78: 142 | AO78: CRITICO | AP78: 71.58 | AQ78: 73 | AR78: 84 | AS78: 13.94 | AT78: 12 | AU78: 17 | AV78: 16.29 | AW78: 2.7 | AY78: =+AY77+1 -> 45475 | AZ78: 13049219 | BA78: 12186154 | BB78: 15030126 | BC78: 5049315 | BD78: =+AZ78+BB78+BC78 -> 33128660 | BE78: =+BD78/1000 -> 33128.66 | BG78: 19 | BH78: 9 | BI78: =+AVERAGE(BG78:BH78) -> 14 | BL78: =+A78 -> 45840 | BM78: 24574 | BN78: 26461 | BO78: 4918 | BP78: 3279 | BR78: =+TEXT(BS78,"dddd") -> miércoles | BS78: =+BL78 -> 45840 | BT78: =BM78/1000 -> 24.574 | BU78: =BN78*$CA$9/$CA$8/1000 -> 27.028021 | BV78: =BO78*$CA$10/$CA$8/1000 -> 5.7376667 | BW78: =BP78*$CA$11/$CA$8/1000 -> 2.1079286 | BX78: =+BT78+BU78+BV78+BW78 -> 59.447617 | CC78: =+BL78 -> 45840
A79: 45841 | B79: 144 | C79: 92.7 | D79: 19.9 | E79: 17.9 | F79: 1.1 | H79: 28.4 | I79: 8.7 | J79: 42.6 | K79: =SUM(H79:J79) -> 79.7 | M79: 4.6 | N79: 34.5 | O79: =SUM(M79:N79) -> 39.1 | Q79: 21.4 | R79: 0 | S79: 19.967791 | T79: =SUM(Q79:S79) -> 41.367791 | Y79: 3 | Z79: 12 | AA79: =+AVERAGE(Y79:Z79) -> 7.5 | AB79: 5 | AC79: 8 | AD79: =+AVERAGE(AB79:AC79) -> 6.5 | AF79: 224 | AG79: =+AF79-AF78 -> 10.12 | AH79: 215 | AI79: 235 | AJ79: CRITICO | AK79: 120.75841 | AL79: =+AK79-AK78 -> 6.910093 | AM79: 110 | AN79: 142 | AO79: CRITICO | AP79: 71.75 | AQ79: 73 | AR79: 84 | AS79: 13.74 | AT79: 12 | AU79: 17 | AV79: 52.17 | AW79: 2.2 | AY79: =+AY78+1 -> 45476 | AZ79: 11722919 | BA79: 12177506 | BB79: 12545425 | BC79: 4956241 | BD79: =+AZ79+BB79+BC79 -> 29224585 | BE79: =+BD79/1000 -> 29224.585 | BG79: 16 | BH79: 7 | BI79: =+AVERAGE(BG79:BH79) -> 11.5 | BL79: =+A79 -> 45841 | BM79: 22495 | BN79: 23467 | BO79: 4770 | BP79: 3254 | BR79: =+TEXT(BS79,"dddd") -> jueves | BS79: =+BL79 -> 45841 | BT79: =BM79/1000 -> 22.495 | BU79: =BN79*$CA$9/$CA$8/1000 -> 23.969864 | BV79: =BO79*$CA$10/$CA$8/1000 -> 5.565 | BW79: =BP79*$CA$11/$CA$8/1000 -> 2.0918571 | BX79: =+BT79+BU79+BV79+BW79 -> 54.121721 | CC79: =+BL79 -> 45841
A80: 45842 | B80: 152.8 | C80: 84.6 | D80: 24.3 | E80: 26.1 | F80: 2.5 | H80: 28.2 | I80: 9.2 | J80: 41.7 | K80: =SUM(H80:J80) -> 79.1 | M80: 5 | N80: 33.8 | O80: =SUM(M80:N80) -> 38.8 | Q80: 21.5 | R80: 0 | S80: 17.908067 | T80: =SUM(Q80:S80) -> 39.408067 | Y80: 6 | Z80: 14 | AA80: =+AVERAGE(Y80:Z80) -> 10 | AB80: 4 | AC80: 7 | AD80: =+AVERAGE(AB80:AC80) -> 5.5 | AF80: 227.13 | AG80: =+AF80-AF79 -> 3.13 | AH80: 215 | AI80: 235 | AJ80: NORMAL | AK80: 122.37441 | AL80: =+AK80-AK79 -> 1.615997 | AM80: 110 | AN80: 142 | AO80: CRITICO | AP80: 83.38 | AQ80: 73 | AR80: 84 | AS80: 14.51 | AT80: 12 | AU80: 17 | AV80: 32.05 | AW80: 2.5 | AY80: =+AY79+1 -> 45477 | AZ80: 12804956 | BA80: 14075895 | BB80: 19061877 | BC80: 5089973 | BD80: =+AZ80+BB80+BC80 -> 36956806 | BE80: =+BD80/1000 -> 36956.806 | BG80: 13 | BH80: 6 | BI80: =+AVERAGE(BG80:BH80) -> 9.5 | BL80: =+A80 -> 45842 | BM80: 28808 | BN80: 17642 | BO80: 4281 | BP80: 3219 | BR80: =+TEXT(BS80,"dddd") -> viernes | BS80: =+BL80 -> 45842 | BT80: =BM80/1000 -> 28.808 | BU80: =BN80*$CA$9/$CA$8/1000 -> 18.020043 | BV80: =BO80*$CA$10/$CA$8/1000 -> 4.9945 | BW80: =BP80*$CA$11/$CA$8/1000 -> 2.0693571 | BX80: =+BT80+BU80+BV80+BW80 -> 53.8919 | CC80: =+BL80 -> 45842
A81: 45843 | B81: 152.8 | C81: 78.6 | D81: 26.9 | E81: 29.5 | F81: 5.9 | H81: 27.8 | I81: 9.8 | J81: 40.1 | K81: =SUM(H81:J81) -> 77.7 | M81: 5.1 | N81: 35.4 | O81: =SUM(M81:N81) -> 40.5 | Q81: 21.1 | R81: 0 | S81: 17.12216 | T81: =SUM(Q81:S81) -> 38.22216 | Y81: 7 | Z81: 13 | AA81: =+AVERAGE(Y81:Z81) -> 10 | AB81: 2 | AC81: 5 | AD81: =+AVERAGE(AB81:AC81) -> 3.5 | AF81: 225.51 | AG81: =+AF81-AF80 -> -1.62 | AH81: 215 | AI81: 235 | AJ81: NORMAL | AK81: 125.86318 | AL81: =+AK81-AK80 -> 3.48877 | AM81: 110 | AN81: 142 | AO81: NORMAL | AP81: 82.12 | AQ81: 73 | AR81: 84 | AS81: 14.58 | AT81: 12 | AU81: 17 | AV81: 69.92 | AW81: 2.7 | AY81: =+AY80+1 -> 45478 | AZ81: 13285254 | BA81: 13534540 | BB81: 19069600 | BC81: 4942712 | BD81: =+AZ81+BB81+BC81 -> 37297566 | BE81: =+BD81/1000 -> 37297.566 | BG81: 12 | BH81: 5 | BI81: =+AVERAGE(BG81:BH81) -> 8.5 | BL81: =+A81 -> 45843 | BM81: 33338 | BN81: 3047 | BO81: 666 | BP81: 2744 | BR81: =+TEXT(BS81,"dddd") -> sábado | BS81: =+BL81 -> 45843 | BT81: =BM81/1000 -> 33.338 | BU81: =BN81*$CA$9/$CA$8/1000 -> 3.1122929 | BV81: =BO81*$CA$10/$CA$8/1000 -> 0.777 | BW81: =BP81*$CA$11/$CA$8/1000 -> 1.764 | BX81: =+BT81+BU81+BV81+BW81 -> 38.991293 | CC81: =+BL81 -> 45843
A82: 45844 | B82: 147.4 | C82: 70.7 | D82: 28.1 | E82: 30.8 | F82: 6 | H82: 27.6 | I82: 9.6 | J82: 42.2 | K82: =SUM(H82:J82) -> 79.4 | M82: 5.4 | N82: 35.8 | O82: =SUM(M82:N82) -> 41.2 | Q82: 20.6 | R82: 0 | S82: 12.754725 | T82: =SUM(Q82:S82) -> 33.354725 | Y82: 8 | Z82: 16 | AA82: =+AVERAGE(Y82:Z82) -> 12 | AB82: 0 | AC82: 7 | AD82: =+AVERAGE(AB82:AC82) -> 3.5 | AF82: 224.08 | AG82: =+AF82-AF81 -> -1.43 | AH82: 215 | AI82: 235 | AJ82: NORMAL | AK82: 133.01959 | AL82: =+AK82-AK81 -> 7.15641 | AM82: 110 | AN82: 142 | AO82: NORMAL | AP82: 84.28 | AQ82: 73 | AR82: 84 | AS82: 14.55 | AT82: 12 | AU82: 17 | AV82: 52.8 | AW82: 3 | AY82: =+AY81+1 -> 45479 | AZ82: 12415805 | BA82: 12528918 | BB82: 19073464 | BC82: 7159166 | BD82: =+AZ82+BB82+BC82 -> 38648435 | BE82: =+BD82/1000 -> 38648.435 | BG82: 9 | BH82: 3 | BI82: =+AVERAGE(BG82:BH82) -> 6 | BL82: =+A82 -> 45844 | BM82: 33633 | BN82: 334 | BO82: 0 | BP82: 2545 | BR82: =+TEXT(BS82,"dddd") -> domingo | BS82: =+BL82 -> 45844 | BT82: =BM82/1000 -> 33.633 | BU82: =BN82*$CA$9/$CA$8/1000 -> 0.34115714 | BV82: =BO82*$CA$10/$CA$8/1000 -> 0 | BW82: =BP82*$CA$11/$CA$8/1000 -> 1.6360714 | BX82: =+BT82+BU82+BV82+BW82 -> 35.610229 | CC82: =+BL82 -> 45844
A83: 45845 | B83: 157.1 | C83: 69.6 | D83: 31.1 | E83: 40.1 | F83: 6.9 | H83: 27.3 | I83: 9.8 | J83: 41.4 | K83: =SUM(H83:J83) -> 78.5 | M83: 4.3 | N83: 36.1 | O83: =SUM(M83:N83) -> 40.4 | Q83: 22 | R83: 0 | S83: 15.296118 | T83: =SUM(Q83:S83) -> 37.296118 | Y83: 10 | Z83: 14 | AA83: =+AVERAGE(Y83:Z83) -> 12 | AB83: 4 | AC83: 11 | AD83: =+AVERAGE(AB83:AC83) -> 7.5 | AF83: 222.98 | AG83: =+AF83-AF82 -> -1.1 | AH83: 215 | AI83: 235 | AJ83: NORMAL | AK83: 133.41348 | AL83: =+AK83-AK82 -> 0.39389 | AM83: 110 | AN83: 142 | AO83: NORMAL | AP83: 85 | AQ83: 73 | AR83: 84 | AS83: 14.86 | AT83: 12 | AU83: 17 | AV83: 36.68 | AW83: 1.8 | AY83: =+AY82+1 -> 45480 | AZ83: 13740486 | BA83: 12783232 | BB83: 19061883 | BC83: 6972391 | BD83: =+AZ83+BB83+BC83 -> 39774760 | BE83: =+BD83/1000 -> 39774.76 | BG83: 10 | BH83: 5 | BI83: =+AVERAGE(BG83:BH83) -> 7.5 | BL83: =+A83 -> 45845 | BM83: 43980 | BN83: 255 | BO83: 0 | BP83: 613 | BR83: =+TEXT(BS83,"dddd") -> lunes | BS83: =+BL83 -> 45845 | BT83: =BM83/1000 -> 43.98 | BU83: =BN83*$CA$9/$CA$8/1000 -> 0.26046429 | BV83: =BO83*$CA$10/$CA$8/1000 -> 0 | BW83: =BP83*$CA$11/$CA$8/1000 -> 0.39407143 | BX83: =+BT83+BU83+BV83+BW83 -> 44.634536 | CC83: =+BL83 -> 45845
A84: 45846 | B84: 156.5 | C84: 69.4 | D84: 32.7 | E84: 37.6 | F84: 7.6 | H84: 27.4 | I84: 10.2 | J84: 42.8 | K84: =SUM(H84:J84) -> 80.4 | M84: 5.2 | N84: 35.9 | O84: =SUM(M84:N84) -> 41.1 | Q84: 22.3 | R84: 0 | S84: 8.300395 | T84: =SUM(Q84:S84) -> 30.600395 | Y84: 10 | Z84: 18 | AA84: =+AVERAGE(Y84:Z84) -> 14 | AB84: -1 | AC84: 9 | AD84: =+AVERAGE(AB84:AC84) -> 4 | AF84: 219.09 | AG84: =+AF84-AF83 -> -3.89 | AH84: 215 | AI84: 235 | AJ84: NORMAL | AK84: 132.59614 | AL84: =+AK84-AK83 -> -0.81734 | AM84: 110 | AN84: 142 | AO84: NORMAL | AP84: 82.35 | AQ84: 73 | AR84: 84 | AS84: 14.73 | AT84: 12 | AU84: 17 | AV84: 32.77 | AW84: 2.9 | AY84: =+AY83+1 -> 45481 | AZ84: 12923229 | BA84: 13679283 | BB84: 19105800 | BC84: 5161472 | BD84: =+AZ84+BB84+BC84 -> 37190501 | BE84: =+BD84/1000 -> 37190.501 | BG84: 8 | BH84: 3 | BI84: =+AVERAGE(BG84:BH84) -> 5.5 | BL84: =+A84 -> 45846 | BM84: 41331 | BN84: 62 | BO84: 0 | BP84: 0 | BR84: =+TEXT(BS84,"dddd") -> martes | BS84: =+BL84 -> 45846 | BT84: =BM84/1000 -> 41.331 | BU84: =BN84*$CA$9/$CA$8/1000 -> 0.063328571 | BV84: =BO84*$CA$10/$CA$8/1000 -> 0 | BW84: =BP84*$CA$11/$CA$8/1000 -> 0 | BX84: =+BT84+BU84+BV84+BW84 -> 41.394329 | CC84: =+BL84 -> 45846
A85: 45847 | B85: 146.8 | C85: 62.6 | D85: 30.8 | E85: 32.5 | F85: 7.6 | H85: 27.6 | I85: 10.4 | J85: 42 | K85: =SUM(H85:J85) -> 80 | M85: 5.5 | N85: 36.3 | O85: =SUM(M85:N85) -> 41.8 | Q85: 21.6 | R85: 0 | S85: 3.606026 | T85: =SUM(Q85:S85) -> 25.206026 | Y85: 10 | Z85: 19 | AA85: =+AVERAGE(Y85:Z85) -> 14.5 | AB85: -2 | AC85: 7 | AD85: =+AVERAGE(AB85:AC85) -> 2.5 | AF85: 221.74 | AG85: =+AF85-AF84 -> 2.65 | AH85: 215 | AI85: 235 | AJ85: NORMAL | AK85: 130.28091 | AL85: =+AK85-AK84 -> -2.315227 | AM85: 110 | AN85: 142 | AO85: NORMAL | AP85: 78.79 | AQ85: 73 | AR85: 84 | AS85: 14.55 | AT85: 12 | AU85: 17 | AV85: 78.65 | AW85: 3.2 | AY85: =+AY84+1 -> 45482 | AZ85: 12589565 | BA85: 13210035 | BB85: 19055297 | BC85: 5067580 | BD85: =+AZ85+BB85+BC85 -> 36712442 | BE85: =+BD85/1000 -> 36712.442 | BG85: 8 | BH85: 3 | BI85: =+AVERAGE(BG85:BH85) -> 5.5 | BL85: =+A85 -> 45847 | BM85: 37749 | BN85: 34 | BO85: 0 | BP85: 0 | BR85: =+TEXT(BS85,"dddd") -> miércoles | BS85: =+BL85 -> 45847 | BT85: =BM85/1000 -> 37.749 | BU85: =BN85*$CA$9/$CA$8/1000 -> 0.034728571 | BV85: =BO85*$CA$10/$CA$8/1000 -> 0 | BW85: =BP85*$CA$11/$CA$8/1000 -> 0 | BX85: =+BT85+BU85+BV85+BW85 -> 37.783729 | CC85: =+BL85 -> 45847
A86: 45848 | B86: 158.1 | C86: 69 | D86: 31.6 | E86: 38 | F86: 8 | H86: 27.5 | I86: 10.3 | J86: 41.9 | K86: =SUM(H86:J86) -> 79.7 | M86: 5.2 | N86: 36.7 | O86: =SUM(M86:N86) -> 41.9 | Q86: 20.5 | R86: 0 | S86: 7.100744 | T86: =SUM(Q86:S86) -> 27.600744 | Y86: 11 | Z86: 16 | AA86: =+AVERAGE(Y86:Z86) -> 13.5 | AB86: 0 | AC86: 10 | AD86: =+AVERAGE(AB86:AC86) -> 5 | AF86: 216.62 | AG86: =+AF86-AF85 -> -5.12 | AH86: 215 | AI86: 235 | AJ86: NORMAL | AK86: 126.47491 | AL86: =+AK86-AK85 -> -3.806001 | AM86: 110 | AN86: 142 | AO86: NORMAL | AP86: 79.75 | AQ86: 73 | AR86: 84 | AS86: 14.03 | AT86: 12 | AU86: 17 | AV86: 74.91 | AW86: 2.7 | AY86: =+AY85+1 -> 45483 | AZ86: 12397874 | BA86: 12739347 | BB86: 19073256 | BC86: 5058363 | BD86: =+AZ86+BB86+BC86 -> 36529493 | BE86: =+BD86/1000 -> 36529.493 | BG86: 10 | BH86: 3 | BI86: =+AVERAGE(BG86:BH86) -> 6.5 | BL86: =+A86 -> 45848 | BM86: 43135 | BN86: 40 | BO86: 0 | BP86: 0 | BR86: =+TEXT(BS86,"dddd") -> jueves | BS86: =+BL86 -> 45848 | BT86: =BM86/1000 -> 43.135 | BU86: =BN86*$CA$9/$CA$8/1000 -> 0.040857143 | BV86: =BO86*$CA$10/$CA$8/1000 -> 0 | BW86: =BP86*$CA$11/$CA$8/1000 -> 0 | BX86: =+BT86+BU86+BV86+BW86 -> 43.175857 | CC86: =+BL86 -> 45848
A87: 45849 | B87: 155.5 | C87: 67.3 | D87: 33 | E87: 35.9 | F87: 8.3 | H87: 27.2 | I87: 10.5 | J87: 40.8 | K87: =SUM(H87:J87) -> 78.5 | M87: 4.6 | N87: 36.6 | O87: =SUM(M87:N87) -> 41.2 | Q87: 21.9 | R87: 0 | S87: 12.904888 | T87: =SUM(Q87:S87) -> 34.804888 | Y87: 11 | Z87: 17 | AA87: =+AVERAGE(Y87:Z87) -> 14 | AB87: 5 | AC87: 9 | AD87: =+AVERAGE(AB87:AC87) -> 7 | AF87: 217.93 | AG87: =+AF87-AF86 -> 1.31 | AH87: 215 | AI87: 235 | AJ87: NORMAL | AK87: 124.31899 | AL87: =+AK87-AK86 -> -2.155922 | AM87: 110 | AN87: 142 | AO87: NORMAL | AP87: 78.38 | AQ87: 73 | AR87: 84 | AS87: 13.12 | AT87: 12 | AU87: 17 | AV87: 67.6 | AW87: 2.2 | AY87: =+AY86+1 -> 45484 | AZ87: 11782550 | BA87: 12851170 | BB87: 19089198 | BC87: 5938490 | BD87: =+AZ87+BB87+BC87 -> 36810238 | BE87: =+BD87/1000 -> 36810.238 | BG87: 11 | BH87: 3 | BI87: =+AVERAGE(BG87:BH87) -> 7 | BL87: =+A87 -> 45849 | BM87: 41201 | BN87: 48 | BO87: 0 | BP87: 0 | BR87: =+TEXT(BS87,"dddd") -> viernes | BS87: =+BL87 -> 45849 | BT87: =BM87/1000 -> 41.201 | BU87: =BN87*$CA$9/$CA$8/1000 -> 0.049028571 | BV87: =BO87*$CA$10/$CA$8/1000 -> 0 | BW87: =BP87*$CA$11/$CA$8/1000 -> 0 | BX87: =+BT87+BU87+BV87+BW87 -> 41.250029 | CC87: =+BL87 -> 45849
A88: 45850 | B88: 148.9 | C88: 65 | D88: 31.3 | E88: 33.3 | F88: 8.5 | H88: 27.1 | I88: 10.3 | J88: 42 | K88: =SUM(H88:J88) -> 79.4 | M88: 4.9 | N88: 36.5 | O88: =SUM(M88:N88) -> 41.4 | Q88: 20.8 | R88: 0 | S88: 12.912626 | T88: =SUM(Q88:S88) -> 33.712626 | Y88: 11 | Z88: 19 | AA88: =+AVERAGE(Y88:Z88) -> 15 | AB88: 6 | AC88: 11 | AD88: =+AVERAGE(AB88:AC88) -> 8.5 | AF88: 221.77 | AG88: =+AF88-AF87 -> 3.84 | AH88: 215 | AI88: 235 | AJ88: NORMAL | AK88: 125.60835 | AL88: =+AK88-AK87 -> 1.28936 | AM88: 110 | AN88: 142 | AO88: NORMAL | AP88: 78.55 | AQ88: 73 | AR88: 84 | AS88: 13.18 | AT88: 12 | AU88: 17 | AV88: 54.48 | AW88: 2.5 | AY88: =+AY87+1 -> 45485 | AZ88: 13818758 | BA88: 12496228 | BB88: 19061135 | BC88: 5625516 | BD88: =+AZ88+BB88+BC88 -> 38505409 | BE88: =+BD88/1000 -> 38505.409 | BG88: 13 | BH88: 5 | BI88: =+AVERAGE(BG88:BH88) -> 9 | BL88: =+A88 -> 45850 | BM88: 38436 | BN88: 0 | BO88: 0 | BP88: 0 | BR88: =+TEXT(BS88,"dddd") -> sábado | BS88: =+BL88 -> 45850 | BT88: =BM88/1000 -> 38.436 | BU88: =BN88*$CA$9/$CA$8/1000 -> 0 | BV88: =BO88*$CA$10/$CA$8/1000 -> 0 | BW88: =BP88*$CA$11/$CA$8/1000 -> 0 | BX88: =+BT88+BU88+BV88+BW88 -> 38.436 | CC88: =+BL88 -> 45850
... A107: 45869 | B107: 148 | C107: 62.6 | D107: 33.7 | E107: 31.6 | F107: 7.3 | H107: 27.7 | I107: 10.4 | J107: 41.8 | K107: =SUM(H107:J107) -> 79.9 | M107: 2.8 | N107: 36.9 | O107: =SUM(M107:N107) -> 39.7 | Q107: 22 | R107: 0 | S107: 10.107523 | T107: =SUM(Q107:S107) -> 32.107523 | Y107: 11 | Z107: 18 | AA107: =+AVERAGE(Y107:Z107) -> 14.5 | AB107: 3 | AC107: 12 | AD107: =+AVERAGE(AB107:AC107) -> 7.5 | AF107: 228.8 | AG107: =+AF107-AF106 -> 2.49 | AH107: 215 | AI107: 235 | AJ107: NORMAL | AK107: 122.50813 | AL107: =+AK107-AK106 -> 1.23291 | AM107: 110 | AN107: 142 | AO107: NORMAL | AP107: 82.71 | AQ107: 73 | AR107: 84 | AS107: 14.98 | AT107: 12 | AU107: 17 | AV107: 42.28 | AW107: 0.4 | AY107: =+AY106+1 -> 45504 | AZ107: 16517348 | BA107: 15933702 | BB107: 7524751 | BC107: 5061210 | BD107: =+AZ107+BB107+BC107 -> 29103309 | BE107: =+BD107/1000 -> 29103.309 | BG107: 16 | BH107: 11 | BI107: =+AVERAGE(BG107:BH107) -> 13.5 | BL107: =+A107 -> 45869 | BM107: 37216 | BN107: 34 | BO107: 230 | BP107: 2653 | BR107: =+TEXT(BS107,"dddd") -> jueves | BS107: =+BL107 -> 45869 | BT107: =BM107/1000 -> 37.216 | BU107: =BN107*$CA$9/$CA$8/1000 -> 0.034728571 | BV107: =BO107*$CA$10/$CA$8/1000 -> 0.26833333 | BW107: =BP107*$CA$11/$CA$8/1000 -> 1.7055 | BX107: =+BT107+BU107+BV107+BW107 -> 39.224562 | CC107: =+BL107 -> 45869
A108: 45870 | B108: 143 | C108: 61.2 | D108: 31.7 | E108: 32.6 | F108: 7.5 | H108: 28.2 | I108: 10.7 | J108: 41.6 | K108: =SUM(H108:J108) -> 80.5 | M108: 4.2 | N108: 37.6 | O108: =SUM(M108:N108) -> 41.8 | Q108: 22.2 | R108: 0 | S108: 7.1254 | T108: =SUM(Q108:S108) -> 29.3254 | Y108: 15 | Z108: 20 | AA108: =+AVERAGE(Y108:Z108) -> 17.5 | AB108: 1 | AC108: 7 | AD108: =+AVERAGE(AB108:AC108) -> 4 | AF108: 232.55 | AG108: =+AF108-AF107 -> 3.75 | AH108: 215 | AI108: 235 | AJ108: NORMAL | AK108: 127.28347 | AL108: =+AK108-AK107 -> 4.775341 | AM108: 110 | AN108: 142 | AO108: NORMAL | AP108: 82.84 | AQ108: 73 | AR108: 84 | AS108: 13.52 | AT108: 12 | AU108: 17 | AV108: 34.38 | AW108: 1.9 | BL108: =+A108 -> 45870 | BM108: 37892 | BN108: 7 | BO108: 343 | BP108: 2367 | BR108: =+TEXT(BS108,"dddd") -> viernes | BS108: =+BL108 -> 45870 | BT108: =BM108/1000 -> 37.892 | BU108: =BN108*$CA$9/$CA$8/1000 -> 0.00715 | BV108: =BO108*$CA$10/$CA$8/1000 -> 0.40016667 | BW108: =BP108*$CA$11/$CA$8/1000 -> 1.5216429 | BX108: =+BT108+BU108+BV108+BW108 -> 39.82096 | CC108: =+BL108 -> 45870
A109: 45871 | B109: 140.2 | C109: 57.3 | D109: 30.9 | E109: 28.2 | F109: 8.7 | H109: 28.2 | I109: 10.9 | J109: 41.6 | K109: =SUM(H109:J109) -> 80.7 | M109: 4.3 | N109: 38.3 | O109: =SUM(M109:N109) -> 42.6 | Q109: 21.3 | R109: 0 | S109: 5.970504 | T109: =SUM(Q109:S109) -> 27.270504 | Y109: 12 | Z109: 18 | AA109: =+AVERAGE(Y109:Z109) -> 15 | AB109: 0 | AC109: 4 | AD109: =+AVERAGE(AB109:AC109) -> 2 | AF109: 239.71 | AG109: =+AF109-AF108 -> 7.16 | AH109: 215 | AI109: 235 | AJ109: NORMAL | AK109: 130.57699 | AL109: =+AK109-AK108 -> 3.293519 | AM109: 110 | AN109: 142 | AO109: NORMAL | AP109: 81.29 | AQ109: 73 | AR109: 84 | AS109: 13.86 | AT109: 12 | AU109: 17 | AV109: 57.26 | AW109: 1.9 | BL109: =+A109 -> 45871 | BM109: 34459 | BN109: 8 | BO109: 289 | BP109: 95 | BR109: =+TEXT(BS109,"dddd") -> sábado | BS109: =+BL109 -> 45871 | BT109: =BM109/1000 -> 34.459 | BU109: =BN109*$CA$9/$CA$8/1000 -> 0.0081714286 | BV109: =BO109*$CA$10/$CA$8/1000 -> 0.33716667 | BW109: =BP109*$CA$11/$CA$8/1000 -> 0.061071429 | BX109: =+BT109+BU109+BV109+BW109 -> 34.86541 | CC109: =+BL109 -> 45871
A110: 45872 | B110: 140.6 | C110: 61.4 | D110: 31.9 | E110: 30 | F110: 7.2 | H110: 26.4 | I110: 10.8 | J110: 41 | K110: =SUM(H110:J110) -> 78.2 | M110: 4.3 | N110: 38.8 | O110: =SUM(M110:N110) -> 43.1 | Q110: 21 | R110: 0 | S110: 0.146063 | T110: =SUM(Q110:S110) -> 21.146063 | Y110: 9 | Z110: 15 | AA110: =+AVERAGE(Y110:Z110) -> 12 | AB110: -3 | AC110: 3 | AD110: =+AVERAGE(AB110:AC110) -> 0 | AF110: 237.08 | AG110: =+AF110-AF109 -> -2.63 | AH110: 215 | AI110: 235 | AJ110: NORMAL | AK110: 135.00686 | AL110: =+AK110-AK109 -> 4.42987 | AM110: 110 | AN110: 142 | AO110: NORMAL | AP110: 80.33 | AQ110: 73 | AR110: 84 | AS110: 13.88 | AT110: 12 | AU110: 17 | AV110: 77.08 | AW110: 1.9 | BL110: =+A110 -> 45872 | BM110: 32696 | BN110: 108 | BO110: 0 | BP110: 0 | BR110: =+TEXT(BS110,"dddd") -> domingo | BS110: =+BL110 -> 45872 | BT110: =BM110/1000 -> 32.696 | BU110: =BN110*$CA$9/$CA$8/1000 -> 0.11031429 | BV110: =BO110*$CA$10/$CA$8/1000 -> 0 | BW110: =BP110*$CA$11/$CA$8/1000 -> 0 | BX110: =+BT110+BU110+BV110+BW110 -> 32.806314 | CC110: =+BL110 -> 45872
A111: 45873 | B111: 163.2 | C111: 70.5 | D111: 33.9 | E111: 39.4 | F111: 7.2 | H111: 27.6 | I111: 10.6 | J111: 43 | K111: =SUM(H111:J111) -> 81.2 | M111: 4.3 | N111: 37.3 | O111: =SUM(M111:N111) -> 41.6 | Q111: 21.8 | R111: 0 | S111: 15.79891 | T111: =SUM(Q111:S111) -> 37.59891 | Y111: 8 | Z111: 13 | AA111: =+AVERAGE(Y111:Z111) -> 10.5 | AB111: 0 | AC111: 5 | AD111: =+AVERAGE(AB111:AC111) -> 2.5 | AF111: 234.35 | AG111: =+AF111-AF110 -> -2.73 | AH111: 215 | AI111: 235 | AJ111: NORMAL | AK111: 135.12678 | AL111: =+AK111-AK110 -> 0.11992 | AM111: 110 | AN111: 142 | AO111: NORMAL | AP111: 82.73 | AQ111: 73 | AR111: 84 | AS111: 13.18 | AT111: 12 | AU111: 17 | AV111: 69.96 | AW111: 1.9 | BL111: =+A111 -> 45873 | BM111: 44354 | BN111: 34 | BO111: 0 | BP111: 2398 | BR111: =+TEXT(BS111,"dddd") -> lunes | BS111: =+BL111 -> 45873 | BT111: =BM111/1000 -> 44.354 | BU111: =BN111*$CA$9/$CA$8/1000 -> 0.034728571 | BV111: =BO111*$CA$10/$CA$8/1000 -> 0 | BW111: =BP111*$CA$11/$CA$8/1000 -> 1.5415714 | BX111: =+BT111+BU111+BV111+BW111 -> 45.9303 | CC111: =+BL111 -> 45873
A112: 45874 | B112: 165.6 | C112: 73.4 | D112: 35.6 | E112: 38.5 | F112: 7.7 | H112: 27.4 | I112: 10.6 | J112: 43.1 | K112: =SUM(H112:J112) -> 81.1 | M112: 4.4 | N112: 37.5 | O112: =SUM(M112:N112) -> 41.9 | Q112: 21.8 | R112: 0 | S112: 15.029114 | T112: =SUM(Q112:S112) -> 36.829114 | Y112: 6 | Z112: 12 | AA112: =+AVERAGE(Y112:Z112) -> 9 | AB112: 3 | AC112: 5 | AD112: =+AVERAGE(AB112:AC112) -> 4 | AF112: 230.72 | AG112: =+AF112-AF111 -> -3.63 | AH112: 215 | AI112: 235 | AJ112: NORMAL | AK112: 132.99098 | AL112: =+AK112-AK111 -> -2.1358 | AM112: 110 | AN112: 142 | AO112: NORMAL | AP112: 81.78 | AQ112: 73 | AR112: 84 | AS112: 13.74 | AT112: 12 | AU112: 17 | AV112: 51.84 | AW112: 1.9 | BL112: =+A112 -> 45874 | BM112: 43999 | BN112: 30 | BO112: 0 | BP112: 2644 | BR112: =+TEXT(BS112,"dddd") -> martes | BS112: =+BL112 -> 45874 | BT112: =BM112/1000 -> 43.999 | BU112: =BN112*$CA$9/$CA$8/1000 -> 0.030642857 | BV112: =BO112*$CA$10/$CA$8/1000 -> 0 | BW112: =BP112*$CA$11/$CA$8/1000 -> 1.6997143 | BX112: =+BT112+BU112+BV112+BW112 -> 45.729357 | CC112: =+BL112 -> 45874
A113: 45875 | B113: 164.7 | C113: 71.8 | D113: 35.3 | E113: 36.9 | F113: 8 | H113: 27.6 | I113: 10.8 | J113: 43 | K113: =SUM(H113:J113) -> 81.4 | M113: 5.8 | N113: 37.5 | O113: =SUM(M113:N113) -> 43.3 | Q113: 22.5 | R113: 0 | S113: 12.984157 | T113: =SUM(Q113:S113) -> 35.484157 | Y113: 6 | Z113: 15 | AA113: =+AVERAGE(Y113:Z113) -> 10.5 | AB113: 3 | AC113: 5 | AD113: =+AVERAGE(AB113:AC113) -> 4 | AF113: 227.88 | AG113: =+AF113-AF112 -> -2.84 | AH113: 215 | AI113: 235 | AJ113: NORMAL | AK113: 130.36717 | AL113: =+AK113-AK112 -> -2.62381 | AM113: 110 | AN113: 142 | AO113: NORMAL | AP113: 79.96 | AQ113: 73 | AR113: 84 | AS113: 13.16 | AT113: 12 | AU113: 17 | AW113: 1.9 | BL113: =+A113 -> 45875 | BM113: 42004 | BN113: 275 | BO113: 0 | BP113: 1819 | BR113: =+TEXT(BS113,"dddd") -> miércoles | BS113: =+BL113 -> 45875 | BT113: =BM113/1000 -> 42.004 | BU113: =BN113*$CA$9/$CA$8/1000 -> 0.28089286 | BV113: =BO113*$CA$10/$CA$8/1000 -> 0 | BW113: =BP113*$CA$11/$CA$8/1000 -> 1.1693571 | BX113: =+BT113+BU113+BV113+BW113 -> 43.45425 | CC113: =+BL113 -> 45875
A114: 45876 | B114: 170.2 | C114: 73.5 | D114: 35.5 | E114: 43.5 | F114: 7.4 | H114: 27.7 | I114: 11.1 | J114: 42.2 | K114: =SUM(H114:J114) -> 81 | M114: 6.7 | N114: 36.5 | O114: =SUM(M114:N114) -> 43.2 | Q114: 22.4 | R114: 0 | S114: 16.212319 | T114: =SUM(Q114:S114) -> 38.612319 | Y114: 8 | Z114: 13 | AA114: =+AVERAGE(Y114:Z114) -> 10.5 | AB114: 0 | AC114: 6 | AD114: =+AVERAGE(AB114:AC114) -> 3 | AF114: 224.75 | AG114: =+AF114-AF113 -> -3.13 | AH114: 215 | AI114: 235 | AJ114: NORMAL | AK114: 126.27314 | AL114: =+AK114-AK113 -> -4.09403 | AM114: 110 | AN114: 142 | AO114: NORMAL | AP114: 78.67 | AQ114: 73 | AR114: 84 | AS114: 13.05 | AT114: 12 | AU114: 17 | AW114: 4.4 | BL114: =+A114 -> 45876 | BM114: 48016 | BN114: 218 | BO114: 0 | BP114: 0 | BR114: =+TEXT(BS114,"dddd") -> jueves | BS114: =+BL114 -> 45876 | BT114: =BM114/1000 -> 48.016 | BU114: =BN114*$CA$9/$CA$8/1000 -> 0.22267143 | BV114: =BO114*$CA$10/$CA$8/1000 -> 0 | BW114: =BP114*$CA$11/$CA$8/1000 -> 0 | BX114: =+BT114+BU114+BV114+BW114 -> 48.238671 | CC114: =+BL114 -> 45876
A115: 45877 | B115: 169.2 | C115: 73.8 | D115: 35.5 | E115: 43 | F115: 6.5 | H115: 27.8 | I115: 10.9 | J115: 42.3 | K115: =SUM(H115:J115) -> 81 | M115: 8 | N115: 38.2 | O115: =SUM(M115:N115) -> 46.2 | Q115: 23 | R115: 0 | S115: 19.448708 | T115: =SUM(Q115:S115) -> 42.448708 | Y115: 4 | Z115: 12 | AA115: =+AVERAGE(Y115:Z115) -> 8 | AB115: 0 | AC115: 6 | AD115: =+AVERAGE(AB115:AC115) -> 3 | AF115: 227.13 | AG115: =+AF115-AF114 -> 2.38 | AH115: 215 | AI115: 235 | AJ115: NORMAL | AK115: 124.97996 | AL115: =+AK115-AK114 -> -1.29318 | AM115: 110 | AN115: 142 | AO115: NORMAL | AP115: 78.32 | AQ115: 73 | AR115: 84 | AS115: 14.26 | AT115: 12 | AU115: 17 | AV115: 77.97 | AW115: 5.7 | BL115: =+A115 -> 45877 | BM115: 48472 | BN115: 368 | BO115: 0 | BP115: 0 | BR115: =+TEXT(BS115,"dddd") -> viernes | BS115: =+BL115 -> 45877 | BT115: =BM115/1000 -> 48.472 | BU115: =BN115*$CA$9/$CA$8/1000 -> 0.37588571 | BV115: =BO115*$CA$10/$CA$8/1000 -> 0 | BW115: =BP115*$CA$11/$CA$8/1000 -> 0 | BX115: =+BT115+BU115+BV115+BW115 -> 48.847886 | CC115: =+BL115 -> 45877
A116: 45878 | B116: 157.8 | C116: 68.9 | D116: 34.1 | E116: 38.8 | F116: 6.3 | H116: 27.8 | I116: 11.2 | J116: 41.7 | K116: =SUM(H116:J116) -> 80.7 | M116: 8.1 | N116: 37 | O116: =SUM(M116:N116) -> 45.1 | Q116: 22.3 | R116: 0 | S116: 12.64281 | T116: =SUM(Q116:S116) -> 34.94281 | Y116: 5 | Z116: 14 | AA116: =+AVERAGE(Y116:Z116) -> 9.5 | AB116: 0 | AC116: 9 | AD116: =+AVERAGE(AB116:AC116) -> 4.5 | AF116: 228.9 | AG116: =+AF116-AF115 -> 1.77 | AH116: 215 | AI116: 235 | AJ116: NORMAL | AK116: 126.46293 | AL116: =+AK116-AK115 -> 1.482972 | AM116: 110 | AN116: 142 | AO116: NORMAL | AP116: 78.37 | AQ116: 73 | AR116: 84 | AS116: 13.79 | AT116: 12 | AU116: 17 | AW116: 5.9 | BL116: =+A116 -> 45878 | BM116: 45514 | BN116: 192 | BO116: 0 | BP116: 0 | BR116: =+TEXT(BS116,"dddd") -> sábado | BS116: =+BL116 -> 45878 | BT116: =BM116/1000 -> 45.514 | BU116: =BN116*$CA$9/$CA$8/1000 -> 0.19611429 | BV116: =BO116*$CA$10/$CA$8/1000 -> 0 | BW116: =BP116*$CA$11/$CA$8/1000 -> 0 | BX116: =+BT116+BU116+BV116+BW116 -> 45.710114 | CC116: =+BL116 -> 45878
A117: 45879 | B117: 147.7 | C117: 63.4 | D117: 32.6 | E117: 35.4 | F117: 5.1 | H117: 27.7 | I117: 11 | J117: 41.6 | K117: =SUM(H117:J117) -> 80.3 | M117: 6.2 | N117: 34.7 | O117: =SUM(M117:N117) -> 40.9 | Q117: 22.6 | R117: 0 | S117: 9.302916 | T117: =SUM(Q117:S117) -> 31.902916 | Y117: 6 | Z117: 15 | AA117: =+AVERAGE(Y117:Z117) -> 10.5 | AB117: 0 | AC117: 6 | AD117: =+AVERAGE(AB117:AC117) -> 3 | AF117: 234.15 | AG117: =+AF117-AF116 -> 5.25 | AH117: 215 | AI117: 235 | AJ117: NORMAL | AK117: 126.94195 | AL117: =+AK117-AK116 -> 0.479017 | AM117: 110 | AN117: 142 | AO117: NORMAL | AP117: 78.83 | AQ117: 73 | AR117: 84 | AS117: 13.99 | AT117: 12 | AU117: 17 | AW117: 3.7 | BL117: =+A117 -> 45879 | BM117: 41382 | BN117: 60 | BO117: 0 | BP117: 0 | BR117: =+TEXT(BS117,"dddd") -> domingo | BS117: =+BL117 -> 45879 | BT117: =BM117/1000 -> 41.382 | BU117: =BN117*$CA$9/$CA$8/1000 -> 0.061285714 | BV117: =BO117*$CA$10/$CA$8/1000 -> 0 | BW117: =BP117*$CA$11/$CA$8/1000 -> 0 | BX117: =+BT117+BU117+BV117+BW117 -> 41.443286 | CC117: =+BL117 -> 45879
A118: 45880 | B118: 149.6 | C118: 59.3 | D118: 34.4 | E118: 38 | F118: 7.1 | H118: 27.6 | I118: 10.7 | J118: 40.1 | K118: =SUM(H118:J118) -> 78.4 | M118: 6.9 | N118: 35.9 | O118: =SUM(M118:N118) -> 42.8 | Q118: 21.9 | S118: 12.153073 | T118: =SUM(Q118:S118) -> 34.053073 | Y118: 7 | Z118: 17 | AA118: =+AVERAGE(Y118:Z118) -> 12 | AB118: -1 | AC118: 5 | AD118: =+AVERAGE(AB118:AC118) -> 2 | AF118: 237.64 | AG118: =+AF118-AF117 -> 3.49 | AH118: 215 | AI118: 235 | AJ118: NORMAL | AK118: 129.40291 | AL118: =+AK118-AK117 -> 2.460961 | AM118: 110 | AN118: 142 | AO118: NORMAL | AP118: 84.33 | AQ118: 73 | AR118: 84 | AS118: 13.05 | AT118: 12 | AU118: 17 | AV118: 63.66 | AW118: 4.6 | BL118: =+A118 -> 45880 | BM118: 45601 | BN118: 77 | BO118: 0 | BP118: 0 | BR118: =+TEXT(BS118,"dddd") -> lunes | BS118: =+BL118 -> 45880 | BT118: =BM118/1000 -> 45.601 | BU118: =BN118*$CA$9/$CA$8/1000 -> 0.07865 | BV118: =BO118*$CA$10/$CA$8/1000 -> 0 | BW118: =BP118*$CA$11/$CA$8/1000 -> 0 | BX118: =+BT118+BU118+BV118+BW118 -> 45.67965 | CC118: =+BL118 -> 45880
A119: 45881 | B119: 147.4 | C119: 56.5 | D119: 33.8 | E119: 33.6 | F119: 8.1 | H119: 27.7 | I119: 10.7 | J119: 40.4 | K119: =SUM(H119:J119) -> 78.8 | M119: 7.4 | N119: 37.6 | O119: =SUM(M119:N119) -> 45 | Q119: 21 | S119: 5.395785 | T119: =SUM(Q119:S119) -> 26.395785 | Y119: 9 | Z119: 20 | AA119: =+AVERAGE(Y119:Z119) -> 14.5 | AB119: 0 | AC119: 4 | AD119: =+AVERAGE(AB119:AC119) -> 2 | AF119: 239.08 | AG119: =+AF119-AF118 -> 1.44 | AH119: 215 | AI119: 235 | AJ119: NORMAL | AK119: 130.92502 | AL119: =+AK119-AK118 -> 1.522107 | AM119: 110 | AN119: 142 | AO119: NORMAL | AP119: 84.96 | AQ119: 73 | AR119: 84 | AS119: 12.86 | AT119: 12 | AU119: 17 | AV119: 76.54 | AW119: 5 | BL119: =+A119 -> 45881 | BM119: 39680 | BN119: 47 | BO119: 0 | BP119: 0 | BR119: =+TEXT(BS119,"dddd") -> martes | BS119: =+BL119 -> 45881 | BT119: =BM119/1000 -> 39.68 | BU119: =BN119*$CA$9/$CA$8/1000 -> 0.048007143 | BV119: =BO119*$CA$10/$CA$8/1000 -> 0 | BW119: =BP119*$CA$11/$CA$8/1000 -> 0 | BX119: =+BT119+BU119+BV119+BW119 -> 39.728007 | CC119: =+BL119 -> 45881
A120: 45882 | B120: 158.3 | C120: 65.1 | D120: 34.5 | E120: 36.6 | F120: 7.4 | H120: 27.4 | I120: 11 | J120: 41.7 | K120: =SUM(H120:J120) -> 80.1 | M120: 6.9 | N120: 36.8 | O120: =SUM(M120:N120) -> 43.7 | Q120: 20.2 | S120: 4.957483 | T120: =SUM(Q120:S120) -> 25.157483 | Y120: 9 | Z120: 14 | AA120: =+AVERAGE(Y120:Z120) -> 11.5 | AB120: 0 | AC120: 5 | AD120: =+AVERAGE(AB120:AC120) -> 2.5 | AF120: 232.4 | AG120: =+AF120-AF119 -> -6.68 | AH120: 215 | AI120: 235 | AJ120: NORMAL | AK120: 128.4188 | AL120: =+AK120-AK119 -> -2.506217 | AM120: 110 | AN120: 142 | AO120: NORMAL | AP120: 84.06 | AQ120: 73 | AR120: 84 | AS120: 12.74 | AT120: 12 | AU120: 17 | AV120: 71.42 | AW120: 4.5 | BL120: =+A120 -> 45882 | BM120: 41646 | BN120: 211 | BO120: 0 | BP120: 0 | BR120: =+TEXT(BS120,"dddd") -> miércoles | BS120: =+BL120 -> 45882 | BT120: =BM120/1000 -> 41.646 | BU120: =BN120*$CA$9/$CA$8/1000 -> 0.21552143 | BV120: =BO120*$CA$10/$CA$8/1000 -> 0 | BW120: =BP120*$CA$11/$CA$8/1000 -> 0 | BX120: =+BT120+BU120+BV120+BW120 -> 41.861521 | CC120: =+BL120 -> 45882
A121: 45883 | B121: 162.6 | C121: 71.6 | D121: 36.1 | E121: 37.4 | F121: 7.1 | H121: 27.4 | I121: 10.8 | J121: 42.3 | K121: =SUM(H121:J121) -> 80.5 | M121: 4 | N121: 35.5 | O121: =SUM(M121:N121) -> 39.5 | Q121: 22.1 | S121: 15.452633 | T121: =SUM(Q121:S121) -> 37.552633 | Y121: 5 | Z121: 12 | AA121: =+AVERAGE(Y121:Z121) -> 8.5 | AB121: 0 | AC121: 7 | AD121: =+AVERAGE(AB121:AC121) -> 3.5 | AF121: 231.2 | AG121: =+AF121-AF120 -> -1.2 | AH121: 215 | AI121: 235 | AJ121: NORMAL | AK121: 125.08229 | AL121: =+AK121-AK120 -> -3.33651 | AM121: 110 | AN121: 142 | AO121: NORMAL | AP121: 78.69 | AQ121: 73 | AR121: 84 | AS121: 12.83 | AT121: 12 | AU121: 17 | AV121: 70.3 | AW121: 1.6 | BL121: =+A121 -> 45883 | BM121: 43770 | BN121: 56 | BO121: 0 | BP121: 0 | BR121: =+TEXT(BS121,"dddd") -> jueves | BS121: =+BL121 -> 45883 | BT121: =BM121/1000 -> 43.77 | BU121: =BN121*$CA$9/$CA$8/1000 -> 0.0572 | BV121: =BO121*$CA$10/$CA$8/1000 -> 0 | BW121: =BP121*$CA$11/$CA$8/1000 -> 0 | BX121: =+BT121+BU121+BV121+BW121 -> 43.8272 | CC121: =+BL121 -> 45883
A122: 45884 | B122: 164.8 | C122: 73 | D122: 35 | E122: 37.8 | F122: 6.9 | H122: 27.5 | I122: 10.8 | J122: 41.4 | K122: =SUM(H122:J122) -> 79.7 | M122: 5.7 | N122: 34.7 | O122: =SUM(M122:N122) -> 40.4 | Q122: 21.8 | S122: 17.056686 | T122: =SUM(Q122:S122) -> 38.856686 | Y122: 6 | Z122: 12 | AA122: =+AVERAGE(Y122:Z122) -> 9 | AB122: 2 | AC122: 11 | AD122: =+AVERAGE(AB122:AC122) -> 6.5 | AF122: 227.64 | AG122: =+AF122-AF121 -> -3.56 | AH122: 215 | AI122: 235 | AJ122: NORMAL | AK122: 123.10552 | AL122: =+AK122-AK121 -> -1.97677 | AM122: 110 | AN122: 142 | AO122: NORMAL | AP122: 81.43 | AQ122: 73 | AR122: 84 | AS122: 12.86 | AT122: 12 | AU122: 17 | AV122: 54.18 | AW122: 3.3 | BL122: =+A122 -> 45884 | BM122: 44001 | BN122: 85 | BO122: 0 | BP122: 0 | BR122: =+TEXT(BS122,"dddd") -> viernes | BS122: =+BL122 -> 45884 | BT122: =BM122/1000 -> 44.001 | BU122: =BN122*$CA$9/$CA$8/1000 -> 0.086821429 | BV122: =BO122*$CA$10/$CA$8/1000 -> 0 | BW122: =BP122*$CA$11/$CA$8/1000 -> 0 | BX122: =+BT122+BU122+BV122+BW122 -> 44.087821 | CC122: =+BL122 -> 45884
A123: 45885 | B123: 157.5 | C123: 69.1 | D123: 32.7 | E123: 38 | F123: 5.1 | H123: 27.5 | I123: 10.9 | J123: 41.3 | K123: =SUM(H123:J123) -> 79.7 | M123: 7.6 | N123: 34.1 | O123: =SUM(M123:N123) -> 41.7 | Q123: 21.9 | S123: 15.615622 | T123: =SUM(Q123:S123) -> 37.515622 | Y123: 7 | Z123: 12 | AA123: =+AVERAGE(Y123:Z123) -> 9.5 | AB123: 0 | AC123: 10 | AD123: =+AVERAGE(AB123:AC123) -> 5 | AF123: 227.65 | AG123: =+AF123-AF122 -> 0.01 | AH123: 215 | AI123: 235 | AJ123: NORMAL | AK123: 125.01841 | AL123: =+AK123-AK122 -> 1.91289 | AM123: 110 | AN123: 142 | AO123: NORMAL | AP123: 82.62 | AQ123: 73 | AR123: 84 | AS123: 12.71 | AT123: 12 | AU123: 17 | AV123: 77.56 | AW123: 5.2 | BL123: =+A123 -> 45885 | BM123: 44210 | BN123: 89 | BO123: 0 | BP123: 0 | BR123: =+TEXT(BS123,"dddd") -> sábado | BS123: =+BL123 -> 45885 | BT123: =BM123/1000 -> 44.21 | BU123: =BN123*$CA$9/$CA$8/1000 -> 0.090907143 | BV123: =BO123*$CA$10/$CA$8/1000 -> 0 | BW123: =BP123*$CA$11/$CA$8/1000 -> 0 | BX123: =+BT123+BU123+BV123+BW123 -> 44.300907 | CC123: =+BL123 -> 45885
A124: 45886 | B124: 147.6 | C124: 64.1 | D124: 31.5 | E124: 32.9 | F124: 6.4 | H124: 27.4 | I124: 10.7 | J124: 41.4 | K124: =SUM(H124:J124) -> 79.5 | M124: 7.9 | N124: 35.5 | O124: =SUM(M124:N124) -> 43.4 | Q124: 22.3 | S124: 13.692367 | T124: =SUM(Q124:S124) -> 35.992367 | Y124: 10 | Z124: 15 | AA124: =+AVERAGE(Y124:Z124) -> 12.5 | AB124: 1 | AC124: 10 | AD124: =+AVERAGE(AB124:AC124) -> 5.5 | AF124: 233.83 | AG124: =+AF124-AF123 -> 6.18 | AH124: 215 | AI124: 235 | AJ124: NORMAL | AK124: 130.42249 | AL124: =+AK124-AK123 -> 5.40408 | AM124: 110 | AN124: 142 | AO124: NORMAL | AP124: 78.53 | AQ124: 73 | AR124: 84 | AS124: 12.79 | AT124: 12 | AU124: 17 | AV124: 64.67 | AW124: 5.5 | BL124: =+A124 -> 45886 | BM124: 39330 | BN124: 0 | BO124: 0 | BP124: 0 | BR124: =+TEXT(BS124,"dddd") -> domingo | BS124: =+BL124 -> 45886 | BT124: =BM124/1000 -> 39.33 | BU124: =BN124*$CA$9/$CA$8/1000 -> 0 | BV124: =BO124*$CA$10/$CA$8/1000 -> 0 | BW124: =BP124*$CA$11/$CA$8/1000 -> 0 | BX124: =+BT124+BU124+BV124+BW124 -> 39.33 | CC124: =+BL124 -> 45886
A125: 45887 | B125: 157.6 | C125: 63.6 | D125: 34.7 | E125: 40.1 | F125: 7.1 | H125: 27.1 | I125: 10.7 | J125: 40.8 | K125: =SUM(H125:J125) -> 78.6 | M125: 7.9 | N125: 37.9 | O125: =SUM(M125:N125) -> 45.8 | Q125: 20 | S125: 12.788028 | T125: =SUM(Q125:S125) -> 32.788028 | Y125: 11 | Z125: 18 | AA125: =+AVERAGE(Y125:Z125) -> 14.5 | AB125: 2 | AC125: 12 | AD125: =+AVERAGE(AB125:AC125) -> 7 | AF125: 233.22 | AG125: =+AF125-AF124 -> -0.61 | AH125: 215 | AI125: 235 | AJ125: NORMAL | AK125: 130.96035 | AL125: =+AK125-AK124 -> 0.53786 | AM125: 110 | AN125: 142 | AO125: NORMAL | AP125: 86.95 | AQ125: 73 | AR125: 84 | AS125: 14.51 | AT125: 12 | AU125: 17 | AV125: 64.67 | AW125: 5.5 | BL125: =+A125 -> 45887 | BM125: 45819 | BN125: 9 | BO125: 0 | BP125: 0 | BR125: =+TEXT(BS125,"dddd") -> lunes | BS125: =+BL125 -> 45887 | BT125: =BM125/1000 -> 45.819 | BU125: =BN125*$CA$9/$CA$8/1000 -> 0.0091928571 | BV125: =BO125*$CA$10/$CA$8/1000 -> 0 | BW125: =BP125*$CA$11/$CA$8/1000 -> 0 | BX125: =+BT125+BU125+BV125+BW125 -> 45.828193 | CC125: =+BL125 -> 45887
A126: 45888 | B126: 157.1 | C126: 64.8 | D126: 34.8 | E126: 39.4 | F126: 7.1 | H126: 27.1 | I126: 10.6 | J126: 40.6 | K126: =SUM(H126:J126) -> 78.3 | M126: 8.6 | N126: 38 | O126: =SUM(M126:N126) -> 46.6 | Q126: 21.2 | S126: 10.783229 | T126: =SUM(Q126:S126) -> 31.983229 | Y126: 13 | Z126: 15 | AA126: =+AVERAGE(Y126:Z126) -> 14 | AB126: 0 | AC126: 7 | AD126: =+AVERAGE(AB126:AC126) -> 3.5 | AF126: 232.71 | AG126: =+AF126-AF125 -> -0.51 | AH126: 215 | AI126: 235 | AJ126: NORMAL | AK126: 131.44668 | AL126: =+AK126-AK125 -> 0.48633 | AM126: 110 | AN126: 142 | AO126: NORMAL | AP126: 84.35 | AQ126: 73 | AR126: 84 | AS126: 13.58 | AT126: 12 | AU126: 17 | AV126: 51.45 | AW126: 6.3 | BL126: =+A126 -> 45888 | BM126: 48494 | BN126: 14 | BO126: 0 | BP126: 0 | BR126: =+TEXT(BS126,"dddd") -> martes | BS126: =+BL126 -> 45888 | BT126: =BM126/1000 -> 48.494 | BU126: =BN126*$CA$9/$CA$8/1000 -> 0.0143 | BV126: =BO126*$CA$10/$CA$8/1000 -> 0 | BW126: =BP126*$CA$11/$CA$8/1000 -> 0 | BX126: =+BT126+BU126+BV126+BW126 -> 48.5083 | CC126: =+BL126 -> 45888
A127: 45889 | B127: 152.9 | C127: 61.5 | D127: 34.6 | E127: 37.2 | F127: 7.2 | H127: 27.1 | I127: 10.4 | J127: 41.1 | K127: =SUM(H127:J127) -> 78.6 | M127: 7.4 | N127: 38 | O127: =SUM(M127:N127) -> 45.4 | Q127: 22.1 | S127: 7.377158 | T127: =SUM(Q127:S127) -> 29.477158 | Y127: 11 | Z127: 16 | AA127: =+AVERAGE(Y127:Z127) -> 13.5 | AB127: 0 | AC127: 7 | AD127: =+AVERAGE(AB127:AC127) -> 3.5 | AF127: 233.02 | AG127: =+AF127-AF126 -> 0.31 | AH127: 215 | AI127: 235 | AJ127: NORMAL | AK127: 131.70149 | AL127: =+AK127-AK126 -> 0.25481 | AM127: 110 | AN127: 142 | AO127: NORMAL | AP127: 81.99 | AQ127: 73 | AR127: 84 | AS127: 13.48 | AT127: 12 | AU127: 17 | AV127: 40.26 | AW127: 5.1 | BL127: =+A127 -> 45889 | BM127: 44780 | BN127: 39 | BO127: 0 | BP127: 0 | BR127: =+TEXT(BS127,"dddd") -> miércoles | BS127: =+BL127 -> 45889 | BT127: =BM127/1000 -> 44.78 | BU127: =BN127*$CA$9/$CA$8/1000 -> 0.039835714 | BV127: =BO127*$CA$10/$CA$8/1000 -> 0 | BW127: =BP127*$CA$11/$CA$8/1000 -> 0 | BX127: =+BT127+BU127+BV127+BW127 -> 44.819836 | CC127: =+BL127 -> 45889
A128: 45890 | B128: 146.1 | C128: 56.6 | D128: 34.8 | E128: 35.1 | F128: 7 | H128: 26.9 | I128: 10.6 | J128: 40.8 | K128: =SUM(H128:J128) -> 78.3 | M128: 6.6 | N128: 37.5 | O128: =SUM(M128:N128) -> 44.1 | Q128: 21.3 | S128: 7.318503 | T128: =SUM(Q128:S128) -> 28.618503 | Y128: 8 | Z128: 17 | AA128: =+AVERAGE(Y128:Z128) -> 12.5 | AB128: -3 | AC128: 3 | AD128: =+AVERAGE(AB128:AC128) -> 0 | AF128: 237.34 | AG128: =+AF128-AF127 -> 4.32 | AH128: 215 | AI128: 235 | AJ128: NORMAL | AK128: 132.56796 | AL128: =+AK128-AK127 -> 0.86647 | AM128: 110 | AN128: 142 | AO128: NORMAL | AP128: 81.51 | AQ128: 73 | AR128: 84 | AS128: 13.4 | AT128: 12 | AU128: 17 | AV128: 32.47 | AW128: 4.3 | BL128: =+A128 -> 45890 | BM128: 43800 | BN128: 27 | BO128: 0 | BP128: 0 | BR128: =+TEXT(BS128,"dddd") -> jueves | BS128: =+BL128 -> 45890 | BT128: =BM128/1000 -> 43.8 | BU128: =BN128*$CA$9/$CA$8/1000 -> 0.027578571 | BV128: =BO128*$CA$10/$CA$8/1000 -> 0 | BW128: =BP128*$CA$11/$CA$8/1000 -> 0 | BX128: =+BT128+BU128+BV128+BW128 -> 43.827579 | CC128: =+BL128 -> 45890
A129: 45891 | B129: 149.2 | C129: 60.1 | D129: 35.7 | E129: 33.5 | F129: 8.2 | H129: 26.4 | I129: 10.7 | J129: 41.7 | K129: =SUM(H129:J129) -> 78.8 | M129: 6.5 | N129: 37 | O129: =SUM(M129:N129) -> 43.5 | Q129: 19.3 | S129: 1.459966 | T129: =SUM(Q129:S129) -> 20.759966 | Y129: 9 | Z129: 17 | AA129: =+AVERAGE(Y129:Z129) -> 13 | AB129: -4 | AC129: 4 | AD129: =+AVERAGE(AB129:AC129) -> 0 | AF129: 232.94 | AG129: =+AF129-AF128 -> -4.4 | AH129: 215 | AI129: 235 | AJ129: NORMAL | AK129: 130.76271 | AL129: =+AK129-AK128 -> -1.80525 | AM129: 110 | AN129: 142 | AO129: NORMAL | AP129: 84.18 | AQ129: 73 | AR129: 84 | AS129: 13.85 | AT129: 12 | AU129: 17 | AV129: 24.79 | AW129: 4.1 | BL129: =+A129 -> 45891 | BM129: 41295 | BN129: 21 | BO129: 0 | BP129: 0 | BR129: =+TEXT(BS129,"dddd") -> viernes | BS129: =+BL129 -> 45891 | BT129: =BM129/1000 -> 41.295 | BU129: =BN129*$CA$9/$CA$8/1000 -> 0.02145 | BV129: =BO129*$CA$10/$CA$8/1000 -> 0 | BW129: =BP129*$CA$11/$CA$8/1000 -> 0 | BX129: =+BT129+BU129+BV129+BW129 -> 41.31645 | CC129: =+BL129 -> 45891
A130: 45892 | B130: 142.8 | C130: 64.2 | D130: 32.7 | E130: 29 | F130: 5.8 | H130: 25.9 | I130: 10.9 | J130: 41.5 | K130: =SUM(H130:J130) -> 78.3 | M130: 5.3 | N130: 35.3 | O130: =SUM(M130:N130) -> 40.6 | Q130: 16.7 | S130: =484/1000000 -> 0.000484 | T130: =SUM(Q130:S130) -> 16.700484 | Y130: 7 | Z130: 13 | AA130: =+AVERAGE(Y130:Z130) -> 10 | AB130: -5 | AC130: 6 | AD130: =+AVERAGE(AB130:AC130) -> 0.5 | AF130: 226.27 | AG130: =+AF130-AF129 -> -6.67 | AH130: 215 | AI130: 235 | AJ130: NORMAL | AK130: 130.02259 | AL130: =+AK130-AK129 -> -0.74012 | AM130: 110 | AN130: 142 | AO130: NORMAL | AP130: 83.62 | AQ130: 73 | AR130: 84 | AS130: 13.22 | AT130: 12 | AU130: 17 | AV130: 78.67 | AW130: 3 | BL130: =+A130 -> 45892 | BM130: 37508 | BN130: 23 | BO130: 0 | BP130: 0 | BR130: =+TEXT(BS130,"dddd") -> sábado | BS130: =+BL130 -> 45892 | BT130: =BM130/1000 -> 37.508 | BU130: =BN130*$CA$9/$CA$8/1000 -> 0.023492857 | BV130: =BO130*$CA$10/$CA$8/1000 -> 0 | BW130: =BP130*$CA$11/$CA$8/1000 -> 0 | BX130: =+BT130+BU130+BV130+BW130 -> 37.531493 | CC130: =+BL130 -> 45892
A131: 45893 | B131: 134.7 | C131: 60.8 | D131: 32.6 | E131: 24.4 | F131: 5.7 | H131: 26.9 | I131: 10.5 | J131: 40.9 | K131: =SUM(H131:J131) -> 78.3 | M131: 3.9 | N131: 34.8 | O131: =SUM(M131:N131) -> 38.7 | Q131: 16.1 | S131: =13512/1000000 -> 0.013512 | T131: =SUM(Q131:S131) -> 16.113512 | Y131: 4 | Z131: 15 | AA131: =+AVERAGE(Y131:Z131) -> 9.5 | AB131: -1 | AC131: 9 | AD131: =+AVERAGE(AB131:AC131) -> 4 | AF131: 226.55 | AG131: =+AF131-AF130 -> 0.28 | AH131: 215 | AI131: 235 | AJ131: NORMAL | AK131: 126.74338 | AL131: =+AK131-AK130 -> -3.27921 | AM131: 110 | AN131: 142 | AO131: NORMAL | AP131: 81.57 | AQ131: 73 | AR131: 84 | AS131: 14.16 | AT131: 12 | AU131: 17 | AV131: 78.55 | AW131: 1.6 | BL131: =+A131 -> 45893 | BM131: 31446 | BN131: 13 | BO131: 0 | BP131: 0 | BR131: =+TEXT(BS131,"dddd") -> domingo | BS131: =+BL131 -> 45893 | BT131: =BM131/1000 -> 31.446 | BU131: =BN131*$CA$9/$CA$8/1000 -> 0.013278571 | BV131: =BO131*$CA$10/$CA$8/1000 -> 0 | BW131: =BP131*$CA$11/$CA$8/1000 -> 0 | BX131: =+BT131+BU131+BV131+BW131 -> 31.459279 | CC131: =+BL131 -> 45893
A132: 45894 | B132: 138.2 | C132: 54.7 | D132: 34.9 | E132: 32.3 | F132: 5.9 | H132: 23.6 | I132: 10.4 | J132: 40.8 | K132: =SUM(H132:J132) -> 74.8 | M132: 4.3 | N132: 34 | O132: =SUM(M132:N132) -> 38.3 | Q132: 19.6 | S132: =197/1000000 -> 0.000197 | T132: =SUM(Q132:S132) -> 19.600197 | Y132: 7 | Z132: 18 | AA132: =+AVERAGE(Y132:Z132) -> 12.5 | AB132: 0 | AC132: 6 | AD132: =+AVERAGE(AB132:AC132) -> 3 | AF132: 224.31 | AG132: =+AF132-AF131 -> -2.24 | AH132: 215 | AI132: 235 | AJ132: NORMAL | AK132: 125.02839 | AL132: =+AK132-AK131 -> -1.714991 | AM132: 110 | AN132: 142 | AO132: NORMAL | AP132: 81.57 | AQ132: 73 | AR132: 84 | AS132: 14.16 | AT132: 12 | AU132: 17 | AV132: 77.84 | AW132: 2 | BL132: =+A132 -> 45894 | BM132: 39490 | BN132: 41 | BO132: 0 | BP132: 0 | BR132: =+TEXT(BS132,"dddd") -> lunes | BS132: =+BL132 -> 45894 | BT132: =BM132/1000 -> 39.49 | BU132: =BN132*$CA$9/$CA$8/1000 -> 0.041878571 | BV132: =BO132*$CA$10/$CA$8/1000 -> 0 | BW132: =BP132*$CA$11/$CA$8/1000 -> 0 | BX132: =+BT132+BU132+BV132+BW132 -> 39.531879 | CC132: =+BL132 -> 45894
A133: 45895 | B133: 135 | C133: 49.4 | D133: 34.4 | E133: 30.5 | F133: 7 | H133: 25.5 | I133: 10.3 | J133: 40.9 | K133: =SUM(H133:J133) -> 76.7 | M133: 4.2 | N133: 34.1 | O133: =SUM(M133:N133) -> 38.3 | Q133: 21.3 | S133: =159/1000000 -> 0.000159 | T133: =SUM(Q133:S133) -> 21.300159 | Y133: 10 | Z133: 19 | AA133: =+AVERAGE(Y133:Z133) -> 14.5 | AB133: 0 | AC133: 9 | AD133: =+AVERAGE(AB133:AC133) -> 4.5 | AF133: 226.86 | AG133: =+AF133-AF132 -> 2.55 | AH133: 215 | AI133: 235 | AJ133: NORMAL | AK133: 123.55525 | AL133: =+AK133-AK132 -> -1.473136 | AM133: 110 | AN133: 142 | AO133: NORMAL | AP133: 81.5 | AQ133: 73 | AR133: 84 | AS133: 13.32 | AT133: 12 | AU133: 17 | AV133: 77.72 | AW133: 1.9 | BL133: =+A133 -> 45895 | BM133: 38676 | BN133: 116 | BO133: 0 | BP133: 0 | BR133: =+TEXT(BS133,"dddd") -> martes | BS133: =+BL133 -> 45895 | BT133: =BM133/1000 -> 38.676 | BU133: =BN133*$CA$9/$CA$8/1000 -> 0.11848571 | BV133: =BO133*$CA$10/$CA$8/1000 -> 0 | BW133: =BP133*$CA$11/$CA$8/1000 -> 0 | BX133: =+BT133+BU133+BV133+BW133 -> 38.794486 | CC133: =+BL133 -> 45895
A134: 45896 | B134: 131.2 | C134: 44.9 | D134: 34.4 | E134: 29.3 | F134: 8.4 | H134: 27 | I134: 10.4 | J134: 40.2 | K134: =SUM(H134:J134) -> 77.6 | M134: 3.9 | N134: 35.4 | O134: =SUM(M134:N134) -> 39.3 | Q134: 20.7 | S134: =173/1000000 -> 0.000173 | T134: =SUM(Q134:S134) -> 20.700173 | Y134: 10 | Z134: 19 | AA134: =+AVERAGE(Y134:Z134) -> 14.5 | AB134: 3 | AC134: 10 | AD134: =+AVERAGE(AB134:AC134) -> 6.5 | AF134: 230.1 | AG134: =+AF134-AF133 -> 3.24 | AH134: 215 | AI134: 235 | AJ134: NORMAL | AK134: 126.77079 | AL134: =+AK134-AK133 -> 3.215537 | AM134: 110 | AN134: 142 | AO134: NORMAL | AP134: 81.38 | AQ134: 73 | AR134: 84 | AS134: 13.43 | AT134: 12 | AU134: 17 | AV134: 77.6 | AW134: 1.6 | BL134: =+A134 -> 45896 | BM134: 37067 | BN134: 7 | BO134: 0 | BP134: 0 | BR134: =+TEXT(BS134,"dddd") -> miércoles | BS134: =+BL134 -> 45896 | BT134: =BM134/1000 -> 37.067 | BU134: =BN134*$CA$9/$CA$8/1000 -> 0.00715 | BV134: =BO134*$CA$10/$CA$8/1000 -> 0 | BW134: =BP134*$CA$11/$CA$8/1000 -> 0 | BX134: =+BT134+BU134+BV134+BW134 -> 37.07415 | CC134: =+BL134 -> 45896
A135: 45897 | B135: 125.9 | C135: 43 | D135: 34.6 | E135: 27.2 | F135: 7.9 | H135: 26.1 | I135: 10.2 | J135: 38.1 | K135: =SUM(H135:J135) -> 74.4 | M135: 3.6 | N135: 36.9 | O135: =SUM(M135:N135) -> 40.5 | Q135: 18.6 | S135: =155/1000000 -> 0.000155 | T135: =SUM(Q135:S135) -> 18.600155 | Y135: 10 | Z135: 20 | AA135: =+AVERAGE(Y135:Z135) -> 15 | AB135: 3 | AC135: 12 | AD135: =+AVERAGE(AB135:AC135) -> 7.5 | AF135: 233.75 | AG135: =+AF135-AF134 -> 3.65 | AH135: 215 | AI135: 235 | AJ135: NORMAL | AK135: 130.70587 | AL135: =+AK135-AK134 -> 3.93508 | AM135: 110 | AN135: 142 | AO135: NORMAL | AP135: 83.23 | AQ135: 73 | AR135: 84 | AS135: 14.97 | AT135: 12 | AU135: 17 | AV135: 77.48 | AW135: 1.4 | BL135: =+A135 -> 45897 | BM135: 34446 | BN135: 40 | BO135: 7 | BP135: 0 | BR135: =+TEXT(BS135,"dddd") -> jueves | BS135: =+BL135 -> 45897 | BT135: =BM135/1000 -> 34.446 | BU135: =BN135*$CA$9/$CA$8/1000 -> 0.040857143 | BV135: =BO135*$CA$10/$CA$8/1000 -> 0.0081666667 | BW135: =BP135*$CA$11/$CA$8/1000 -> 0 | BX135: =+BT135+BU135+BV135+BW135 -> 34.495024 | CC135: =+BL135 -> 45897
A136: 45898 | B136: 118 | C136: 42.2 | D136: 34.2 | E136: 24.2 | F136: 3.4 | H136: 24.6 | I136: 10.3 | J136: 38.1 | K136: =SUM(H136:J136) -> 73 | M136: 2.4 | N136: 33.3 | O136: =SUM(M136:N136) -> 35.7 | Q136: 15.3 | S136: =121/1000000 -> 0.000121 | T136: =SUM(Q136:S136) -> 15.300121 | Y136: 12 | Z136: 21 | AA136: =+AVERAGE(Y136:Z136) -> 16.5 | AB136: 3 | AC136: 7 | AD136: =+AVERAGE(AB136:AC136) -> 5 | AF136: 236.39 | AG136: =+AF136-AF135 -> 2.64 | AH136: 215 | AI136: 235 | AJ136: NORMAL | AK136: 134.01797 | AL136: =+AK136-AK135 -> 3.3121 | AM136: 110 | AN136: 142 | AO136: NORMAL | AP136: 84.5 | AQ136: 73 | AR136: 84 | AS136: 15.23 | AT136: 12 | AU136: 17 | AV136: 77.46 | AW136: 0 | BL136: =+A136 -> 45898 | BM136: 29785 | BN136: 25 | BO136: 0 | BP136: 0 | BR136: =+TEXT(BS136,"dddd") -> viernes | BS136: =+BL136 -> 45898 | BT136: =BM136/1000 -> 29.785 | BU136: =BN136*$CA$9/$CA$8/1000 -> 0.025535714 | BV136: =BO136*$CA$10/$CA$8/1000 -> 0 | BW136: =BP136*$CA$11/$CA$8/1000 -> 0 | BX136: =+BT136+BU136+BV136+BW136 -> 29.810536 | CC136: =+BL136 -> 45898
...

Sheet Conv. valores
AA1: Tramos finales | AG1: BUENOS AIRES | AJ1: ESQUEL | AM1: CAMMESA
B2: FECHA | C2: Demanda Total DS | D2: Prioritaria | E2: Industria | F2: Usinas | G2: Exportaciones | H2: TGS | I2: TGN | J2: Iny. Enarsa | K2: GPM | L2: Bolivia | M2: ESCOBAR | N2: Iny. Total | O2: Linepack TGS | P2: Var. Linepack TGS | Q2: Límite Inf. | R2: Límite Sup. | S2: Linepack TGN | T2: Var. Linepack TGN | U2: Límite Inf. | V2: Límite Sup. | W2: Linepack Total | X2: Variación Total | Y2: Límite Inf. | Z2: Límite Sup. | AA2: TGS | AB2: Límite Inf. | AC2: Límite Sup. | AD2: TGN | AE2: Límite Inf. | AF2: Límite Sup. | AG2: Temp. Min | AH2: Temp. Max | AI2: Temp Promedio | AJ2: Temp. Min | AK2: Temp. Max | AL2: Temp Promedio | AM2: GAS | AN2: GAS OIL | AO2: FUEL OIL | AP2: CARBON | AQ2: TOTAL
B3: 46111 | AM3: =+VLOOKUP($B3,Datos!$A$6:$BX$2600,72) -> 53.827 | AN3: =+VLOOKUP($B3,Datos!$A$6:$BX$2600,73) -> 8.2347571 | AO3: =+VLOOKUP($B3,Datos!$A$6:$BX$2600,74) -> 1.3101667 | AP3: =+VLOOKUP($B3,Datos!$A$6:$BX$2600,75) -> 0 | AQ3: =+SUM(AM3:AP3) -> 63.371924
B4: =+B3+1 -> 46112 | AM4: =+VLOOKUP($B4,Datos!$A$6:$BX$2600,72) -> 55.31 | AN4: =+VLOOKUP($B4,Datos!$A$6:$BX$2600,73) -> 13.886321 | AO4: =+VLOOKUP($B4,Datos!$A$6:$BX$2600,74) -> 1.1818333 | AP4: =+VLOOKUP($B4,Datos!$A$6:$BX$2600,75) -> 1.053 | AQ4: =+SUM(AM4:AP4) -> 71.431155
B5: =+B4+1 -> 46113 | C5: =+VLOOKUP($B5,Datos!$A$5:$F$3600,2) -> 131.6 | D5: =+VLOOKUP($B5,Datos!$A$5:$F$3600,3) -> 18.5 | E5: =+VLOOKUP($B5,Datos!$A$5:$F$3600,4) -> 36.7 | F5: =+VLOOKUP($B5,Datos!$A$5:$F$3600,5) -> 54.4 | G5: =+VLOOKUP($B5,Datos!$A$5:$F$3600,6) -> 11 | H5: =+VLOOKUP($B5,Datos!$A$5:$T$3600,11) -> 69.3 | I5: =+VLOOKUP($B5,Datos!$A$5:$T$3600,15) -> 34.3 | J5: =+VLOOKUP($B5,Datos!$A$5:$T$3600,20) -> 22.8 | K5: =+VLOOKUP($B5,Datos!$A$5:$T$3600,17) -> 20.9 | L5: =+VLOOKUP($B5,Datos!$A$5:$T$3600,18) -> 1.9 | M5: =+VLOOKUP($B5,Datos!$A$5:$T$3600,19) -> 0 | N5: =+SUM(H5:J5) -> 126.4 | O5: =+VLOOKUP($B5,Datos!$A$5:$AO$3600,32) -> 217.8 | Q5: =+VLOOKUP($B5,Datos!$A$5:$AO$3600,34) -> 215 | R5: =+VLOOKUP($B5,Datos!$A$5:$AO$3600,35) -> 235 | S5: =+VLOOKUP($B5,Datos!$A$5:$AO$3600,37) -> 124.88823 | U5: =+VLOOKUP($B5,Datos!$A$5:$AO$3600,39) -> 110 | V5: =+VLOOKUP($B5,Datos!$A$5:$AO$3600,40) -> 142 | W5: =+O5+S5 -> 342.68823 | Y5: =+Q5+U5 -> 325 | Z5: =+R5+V5 -> 377 | AA5: =+VLOOKUP($B5,Datos!$A$5:$AU$3600,42) -> 0 | AB5: =+VLOOKUP($B5,Datos!$A$5:$AU$360,43) -> 0 | AC5: =+VLOOKUP($B5,Datos!$A$5:$AU$360,44) -> 0 | AD5: =+VLOOKUP($B5,Datos!$A$5:$AU$360,45) -> 0 | AE5: =+VLOOKUP($B5,Datos!$A$5:$AU$360,46) -> 0 | AF5: =+VLOOKUP($B5,Datos!$A$5:$AU$360,47) -> 0 | AG5: =+VLOOKUP($B5,Datos!$A$5:$AU$3600,25) -> 21 | AH5: =+VLOOKUP($B5,Datos!$A$5:$AU$3600,26) -> 28 | AI5: =+VLOOKUP($B5,Datos!$A$5:$AU$3600,27) -> 24.5 | AJ5: =+VLOOKUP($B5,Datos!$A$5:$AU$3600,28) -> 0 | AK5: =+VLOOKUP($B5,Datos!$A$5:$AU$3600,29) -> 13 | AL5: =+VLOOKUP($B5,Datos!$A$5:$AU$3600,30) -> 6.5 | AM5: =+VLOOKUP($B5,Datos!$A$6:$BX$2600,72) -> 58.685 | AN5: =+VLOOKUP($B5,Datos!$A$6:$BX$2600,73) -> 10.513564 | AO5: =+VLOOKUP($B5,Datos!$A$6:$BX$2600,74) -> 0.8015 | AP5: =+VLOOKUP($B5,Datos!$A$6:$BX$2600,75) -> 1.7993571 | AQ5: =+SUM(AM5:AP5) -> 71.799421
B6: =+B5+1 -> 46114 | C6: =+VLOOKUP($B6,Datos!$A$5:$F$3600,2) -> 122.3 | D6: =+VLOOKUP($B6,Datos!$A$5:$F$3600,3) -> 18 | E6: =+VLOOKUP($B6,Datos!$A$5:$F$3600,4) -> 36.5 | F6: =+VLOOKUP($B6,Datos!$A$5:$F$3600,5) -> 49.5 | G6: =+VLOOKUP($B6,Datos!$A$5:$F$3600,6) -> 11.4 | H6: =+VLOOKUP($B6,Datos!$A$5:$T$3600,11) -> 67.4 | I6: =+VLOOKUP($B6,Datos!$A$5:$T$3600,15) -> 34 | J6: =+VLOOKUP($B6,Datos!$A$5:$T$3600,20) -> 19.5 | K6: =+VLOOKUP($B6,Datos!$A$5:$T$3600,17) -> 19.5 | L6: =+VLOOKUP($B6,Datos!$A$5:$T$3600,18) -> 0 | M6: =+VLOOKUP($B6,Datos!$A$5:$T$3600,19) -> 0 | N6: =+SUM(H6:J6) -> 120.9 | O6: =+VLOOKUP($B6,Datos!$A$5:$AO$3600,32) -> 216.66 | Q6: =+VLOOKUP($B6,Datos!$A$5:$AO$3600,34) -> 215 | R6: =+VLOOKUP($B6,Datos!$A$5:$AO$3600,35) -> 235 | S6: =+VLOOKUP($B6,Datos!$A$5:$AO$3600,37) -> 126.03956 | U6: =+VLOOKUP($B6,Datos!$A$5:$AO$3600,39) -> 110 | V6: =+VLOOKUP($B6,Datos!$A$5:$AO$3600,40) -> 142 | W6: =+O6+S6 -> 342.69956 | Y6: =+Q6+U6 -> 325 | Z6: =+R6+V6 -> 377 | AA6: =+VLOOKUP($B6,Datos!$A$5:$AU$3600,42) -> 0 | AB6: =+VLOOKUP($B6,Datos!$A$5:$AU$3600,43) -> 0 | AC6: =+VLOOKUP($B6,Datos!$A$5:$AU$3600,44) -> 0 | AD6: =+VLOOKUP($B6,Datos!$A$5:$AU$3600,45) -> 0 | AE6: =+VLOOKUP($B6,Datos!$A$5:$AU$3600,46) -> 0 | AF6: =+VLOOKUP($B6,Datos!$A$5:$AU$3600,47) -> 0 | AG6: =+VLOOKUP($B6,Datos!$A$5:$AU$3600,25) -> 20 | AH6: =+VLOOKUP($B6,Datos!$A$5:$AU$3600,26) -> 26 | AI6: =+VLOOKUP($B6,Datos!$A$5:$AU$3600,27) -> 23 | AJ6: =+VLOOKUP($B6,Datos!$A$5:$AU$3600,28) -> 0 | AK6: =+VLOOKUP($B6,Datos!$A$5:$AU$3600,29) -> 15 | AL6: =+VLOOKUP($B6,Datos!$A$5:$AU$3600,30) -> 7.5 | AM6: =+VLOOKUP($B6,Datos!$A$6:$BX$2600,72) -> 58.022 | AN6: =+VLOOKUP($B6,Datos!$A$6:$BX$2600,73) -> 0.10929286 | AO6: =+VLOOKUP($B6,Datos!$A$6:$BX$2600,74) -> 0 | AP6: =+VLOOKUP($B6,Datos!$A$6:$BX$2600,75) -> 1.7556429 | AQ6: =+SUM(AM6:AP6) -> 59.886936
B7: =+B6+1 -> 46115 | C7: =+VLOOKUP($B7,Datos!$A$5:$F$3600,2) -> 116.8 | D7: =+VLOOKUP($B7,Datos!$A$5:$F$3600,3) -> 18.1 | E7: =+VLOOKUP($B7,Datos!$A$5:$F$3600,4) -> 34.9 | F7: =+VLOOKUP($B7,Datos!$A$5:$F$3600,5) -> 44.8 | G7: =+VLOOKUP($B7,Datos!$A$5:$F$3600,6) -> 10.8 | H7: =+VLOOKUP($B7,Datos!$A$5:$T$3600,11) -> 65.9 | I7: =+VLOOKUP($B7,Datos!$A$5:$T$3600,15) -> 32.1 | J7: =+VLOOKUP($B7,Datos!$A$5:$T$3600,20) -> 19.1 | K7: =+VLOOKUP($B7,Datos!$A$5:$T$3600,17) -> 19.1 | L7: =+VLOOKUP($B7,Datos!$A$5:$T$3600,18) -> 0 | M7: =+VLOOKUP($B7,Datos!$A$5:$T$3600,19) -> 0 | N7: =+SUM(H7:J7) -> 117.1 | O7: =+VLOOKUP($B7,Datos!$A$5:$AO$3600,32) -> 215.09 | Q7: =+VLOOKUP($B7,Datos!$A$5:$AO$3600,34) -> 215 | R7: =+VLOOKUP($B7,Datos!$A$5:$AO$3600,35) -> 235 | S7: =+VLOOKUP($B7,Datos!$A$5:$AO$3600,37) -> 129.31785 | U7: =+VLOOKUP($B7,Datos!$A$5:$AO$3600,39) -> 110 | V7: =+VLOOKUP($B7,Datos!$A$5:$AO$3600,40) -> 142 | W7: =+O7+S7 -> 344.40785 | Y7: =+Q7+U7 -> 325 | Z7: =+R7+V7 -> 377 | AA7: =+VLOOKUP($B7,Datos!$A$5:$AU$3600,42) -> 0 | AB7: =+VLOOKUP($B7,Datos!$A$5:$AU$3600,43) -> 0 | AC7: =+VLOOKUP($B7,Datos!$A$5:$AU$3600,44) -> 0 | AD7: =+VLOOKUP($B7,Datos!$A$5:$AU$3600,45) -> 0 | AE7: =+VLOOKUP($B7,Datos!$A$5:$AU$3600,46) -> 0 | AF7: =+VLOOKUP($B7,Datos!$A$5:$AU$3600,47) -> 0 | AG7: =+VLOOKUP($B7,Datos!$A$5:$AU$3600,25) -> 19 | AH7: =+VLOOKUP($B7,Datos!$A$5:$AU$3600,26) -> 29 | AI7: =+VLOOKUP($B7,Datos!$A$5:$AU$3600,27) -> 24 | AJ7: =+VLOOKUP($B7,Datos!$A$5:$AU$3600,28) -> 3 | AK7: =+VLOOKUP($B7,Datos!$A$5:$AU$3600,29) -> 13 | AL7: =+VLOOKUP($B7,Datos!$A$5:$AU$3600,30) -> 8 | AM7: =+VLOOKUP($B7,Datos!$A$6:$BX$2600,72) -> 50.214 | AN7: =+VLOOKUP($B7,Datos!$A$6:$BX$2600,73) -> 0.1287 | AO7: =+VLOOKUP($B7,Datos!$A$6:$BX$2600,74) -> 0 | AP7: =+VLOOKUP($B7,Datos!$A$6:$BX$2600,75) -> 1.8115714 | AQ7: =+SUM(AM7:AP7) -> 52.154271
B8: =+B7+1 -> 46116 | C8: =+VLOOKUP($B8,Datos!$A$5:$F$3600,2) -> 111.3 | D8: =+VLOOKUP($B8,Datos!$A$5:$F$3600,3) -> 21.6 | E8: =+VLOOKUP($B8,Datos!$A$5:$F$3600,4) -> 34.7 | F8: =+VLOOKUP($B8,Datos!$A$5:$F$3600,5) -> 36.1 | G8: =+VLOOKUP($B8,Datos!$A$5:$F$3600,6) -> 8.5 | H8: =+VLOOKUP($B8,Datos!$A$5:$T$3600,11) -> 65.3 | I8: =+VLOOKUP($B8,Datos!$A$5:$T$3600,15) -> 32.6 | J8: =+VLOOKUP($B8,Datos!$A$5:$T$3600,20) -> 20.1 | K8: =+VLOOKUP($B8,Datos!$A$5:$T$3600,17) -> 20.1 | L8: =+VLOOKUP($B8,Datos!$A$5:$T$3600,18) -> 0 | M8: =+VLOOKUP($B8,Datos!$A$5:$T$3600,19) -> 0 | N8: =+SUM(H8:J8) -> 118 | O8: =+VLOOKUP($B8,Datos!$A$5:$AO$3600,32) -> 220.23 | Q8: =+VLOOKUP($B8,Datos!$A$5:$AO$3600,34) -> 215 | R8: =+VLOOKUP($B8,Datos!$A$5:$AO$3600,35) -> 235 | S8: =+VLOOKUP($B8,Datos!$A$5:$AO$3600,37) -> 132.93943 | U8: =+VLOOKUP($B8,Datos!$A$5:$AO$3600,39) -> 110 | V8: =+VLOOKUP($B8,Datos!$A$5:$AO$3600,40) -> 142 | W8: =+O8+S8 -> 353.16943 | Y8: =+Q8+U8 -> 325 | Z8: =+R8+V8 -> 377 | AA8: =+VLOOKUP($B8,Datos!$A$5:$AU$3600,42) -> 0 | AB8: =+VLOOKUP($B8,Datos!$A$5:$AU$3600,43) -> 0 | AC8: =+VLOOKUP($B8,Datos!$A$5:$AU$3600,44) -> 0 | AD8: =+VLOOKUP($B8,Datos!$A$5:$AU$3600,45) -> 0 | AE8: =+VLOOKUP($B8,Datos!$A$5:$AU$3600,46) -> 0 | AF8: =+VLOOKUP($B8,Datos!$A$5:$AU$3600,47) -> 0 | AG8: =+VLOOKUP($B8,Datos!$A$5:$AU$3600,25) -> 14 | AH8: =+VLOOKUP($B8,Datos!$A$5:$AU$3600,26) -> 19 | AI8: =+VLOOKUP($B8,Datos!$A$5:$AU$3600,27) -> 16.5 | AJ8: =+VLOOKUP($B8,Datos!$A$5:$AU$3600,28) -> 0 | AK8: =+VLOOKUP($B8,Datos!$A$5:$AU$3600,29) -> 17 | AL8: =+VLOOKUP($B8,Datos!$A$5:$AU$3600,30) -> 8.5 | AM8: =+VLOOKUP($B8,Datos!$A$6:$BX$2600,72) -> 42.328 | AN8: =+VLOOKUP($B8,Datos!$A$6:$BX$2600,73) -> 0.11746429 | AO8: =+VLOOKUP($B8,Datos!$A$6:$BX$2600,74) -> 0.0058333333 | AP8: =+VLOOKUP($B8,Datos!$A$6:$BX$2600,75) -> 1.9028571 | AQ8: =+SUM(AM8:AP8) -> 44.354155
B9: =+B8+1 -> 46117 | C9: =+VLOOKUP($B9,Datos!$A$5:$F$3600,2) -> 105.8 | D9: =+VLOOKUP($B9,Datos!$A$5:$F$3600,3) -> 23.8 | E9: =+VLOOKUP($B9,Datos!$A$5:$F$3600,4) -> 33.5 | F9: =+VLOOKUP($B9,Datos!$A$5:$F$3600,5) -> 29 | G9: =+VLOOKUP($B9,Datos!$A$5:$F$3600,6) -> 8.9 | H9: =+VLOOKUP($B9,Datos!$A$5:$T$3600,11) -> 52.7 | I9: =+VLOOKUP($B9,Datos!$A$5:$T$3600,15) -> 33.2 | J9: =+VLOOKUP($B9,Datos!$A$5:$T$3600,20) -> 20.2 | K9: =+VLOOKUP($B9,Datos!$A$5:$T$3600,17) -> 20.2 | L9: =+VLOOKUP($B9,Datos!$A$5:$T$3600,18) -> 0 | M9: =+VLOOKUP($B9,Datos!$A$5:$T$3600,19) -> 0 | N9: =+SUM(H9:J9) -> 106.1 | O9: =+VLOOKUP($B9,Datos!$A$5:$AO$3600,32) -> 220.85 | P9: =+O9-O8 -> 0.62 | Q9: =+VLOOKUP($B9,Datos!$A$5:$AO$3600,34) -> 215 | R9: =+VLOOKUP($B9,Datos!$A$5:$AO$3600,35) -> 235 | S9: =+VLOOKUP($B9,Datos!$A$5:$AO$3600,37) -> 134.44768 | T9: =+S9-S8 -> 1.50825 | U9: =+VLOOKUP($B9,Datos!$A$5:$AO$3600,39) -> 110 | V9: =+VLOOKUP($B9,Datos!$A$5:$AO$3600,40) -> 142 | W9: =+O9+S9 -> 355.29768 | X9: =+W9-W8 -> 2.12825 | Y9: =+Q9+U9 -> 325 | Z9: =+R9+V9 -> 377 | AA9: =+VLOOKUP($B9,Datos!$A$5:$AU$3600,42) -> 0 | AB9: =+VLOOKUP($B9,Datos!$A$5:$AU$3600,43) -> 0 | AC9: =+VLOOKUP($B9,Datos!$A$5:$AU$3600,44) -> 0 | AD9: =+VLOOKUP($B9,Datos!$A$5:$AU$3600,45) -> 0 | AE9: =+VLOOKUP($B9,Datos!$A$5:$AU$3600,46) -> 0 | AF9: =+VLOOKUP($B9,Datos!$A$5:$AU$3600,47) -> 0 | AG9: =+VLOOKUP($B9,Datos!$A$5:$AU$3600,25) -> 12 | AH9: =+VLOOKUP($B9,Datos!$A$5:$AU$3600,26) -> 19 | AI9: =+VLOOKUP($B9,Datos!$A$5:$AU$3600,27) -> 15.5 | AJ9: =+VLOOKUP($B9,Datos!$A$5:$AU$3600,28) -> 4 | AK9: =+VLOOKUP($B9,Datos!$A$5:$AU$3600,29) -> 17 | AL9: =+VLOOKUP($B9,Datos!$A$5:$AU$3600,30) -> 10.5 | AM9: =+VLOOKUP($B9,Datos!$A$6:$BX$2600,72) -> 33.26 | AN9: =+VLOOKUP($B9,Datos!$A$6:$BX$2600,73) -> 0.068435714 | AO9: =+VLOOKUP($B9,Datos!$A$6:$BX$2600,74) -> 0 | AP9: =+VLOOKUP($B9,Datos!$A$6:$BX$2600,75) -> 2.0211429 | AQ9: =+SUM(AM9:AP9) -> 35.349579
B10: =+B9+1 -> 46118 | C10: =+VLOOKUP($B10,Datos!$A$5:$F$3600,2) -> 120.3 | D10: =+VLOOKUP($B10,Datos!$A$5:$F$3600,3) -> 28.2 | E10: =+VLOOKUP($B10,Datos!$A$5:$F$3600,4) -> 37.2 | F10: =+VLOOKUP($B10,Datos!$A$5:$F$3600,5) -> 37.3 | G10: =+VLOOKUP($B10,Datos!$A$5:$F$3600,6) -> 10.9 | H10: =+VLOOKUP($B10,Datos!$A$5:$T$3600,11) -> 66.8 | I10: =+VLOOKUP($B10,Datos!$A$5:$T$3600,15) -> 32 | J10: =+VLOOKUP($B10,Datos!$A$5:$T$3600,20) -> 20.2 | K10: =+VLOOKUP($B10,Datos!$A$5:$T$3600,17) -> 20.2 | L10: =+VLOOKUP($B10,Datos!$A$5:$T$3600,18) -> 0 | M10: =+VLOOKUP($B10,Datos!$A$5:$T$3600,19) -> 0 | N10: =+SUM(H10:J10) -> 119 | O10: =+VLOOKUP($B10,Datos!$A$5:$AO$3600,32) -> 225.25 | P10: =+O10-O9 -> 4.4 | Q10: =+VLOOKUP($B10,Datos!$A$5:$AO$3600,34) -> 215 | R10: =+VLOOKUP($B10,Datos!$A$5:$AO$3600,35) -> 235 | S10: =+VLOOKUP($B10,Datos!$A$5:$AO$3600,37) -> 130.11544 | T10: =+S10-S9 -> -4.332237 | U10: =+VLOOKUP($B10,Datos!$A$5:$AO$3600,39) -> 110 | V10: =+VLOOKUP($B10,Datos!$A$5:$AO$3600,40) -> 142 | W10: =+O10+S10 -> 355.36544 | X10: =+W10-W9 -> 0.067763 | Y10: =+Q10+U10 -> 325 | Z10: =+R10+V10 -> 377 | AA10: =+VLOOKUP($B10,Datos!$A$5:$AU$3600,42) -> 0 | AB10: =+VLOOKUP($B10,Datos!$A$5:$AU$3600,43) -> 0 | AC10: =+VLOOKUP($B10,Datos!$A$5:$AU$3600,44) -> 0 | AD10: =+VLOOKUP($B10,Datos!$A$5:$AU$3600,45) -> 0 | AE10: =+VLOOKUP($B10,Datos!$A$5:$AU$3600,46) -> 0 | AF10: =+VLOOKUP($B10,Datos!$A$5:$AU$3600,47) -> 0 | AG10: =+VLOOKUP($B10,Datos!$A$5:$AU$3600,25) -> 15 | AH10: =+VLOOKUP($B10,Datos!$A$5:$AU$3600,26) -> 17 | AI10: =+VLOOKUP($B10,Datos!$A$5:$AU$3600,27) -> 16 | AJ10: =+VLOOKUP($B10,Datos!$A$5:$AU$3600,28) -> 1 | AK10: =+VLOOKUP($B10,Datos!$A$5:$AU$3600,29) -> 17 | AL10: =+VLOOKUP($B10,Datos!$A$5:$AU$3600,30) -> 9 | AM10: =+VLOOKUP($B10,Datos!$A$6:$BX$2600,72) -> 41.063 | AN10: =+VLOOKUP($B10,Datos!$A$6:$BX$2600,73) -> 0.38814286 | AO10: =+VLOOKUP($B10,Datos!$A$6:$BX$2600,74) -> 0 | AP10: =+VLOOKUP($B10,Datos!$A$6:$BX$2600,75) -> 1.917 | AQ10: =+SUM(AM10:AP10) -> 43.368143
B11: =+B10+1 -> 46119 | C11: =+VLOOKUP($B11,Datos!$A$5:$F$3600,2) -> 125.6 | D11: =+VLOOKUP($B11,Datos!$A$5:$F$3600,3) -> 29.4 | E11: =+VLOOKUP($B11,Datos!$A$5:$F$3600,4) -> 37.9 | F11: =+VLOOKUP($B11,Datos!$A$5:$F$3600,5) -> 39.3 | G11: =+VLOOKUP($B11,Datos!$A$5:$F$3600,6) -> 11.2 | H11: =+VLOOKUP($B11,Datos!$A$5:$T$3600,11) -> 70 | I11: =+VLOOKUP($B11,Datos!$A$5:$T$3600,15) -> 33.4 | J11: =+VLOOKUP($B11,Datos!$A$5:$T$3600,20) -> 20.9 | K11: =+VLOOKUP($B11,Datos!$A$5:$T$3600,17) -> 20.9 | L11: =+VLOOKUP($B11,Datos!$A$5:$T$3600,18) -> 0 | M11: =+VLOOKUP($B11,Datos!$A$5:$T$3600,19) -> 0 | N11: =+SUM(H11:J11) -> 124.3 | O11: =+VLOOKUP($B11,Datos!$A$5:$AO$3600,32) -> 227.73 | P11: =+O11-O10 -> 2.48 | Q11: =+VLOOKUP($B11,Datos!$A$5:$AO$3600,34) -> 215 | R11: =+VLOOKUP($B11,Datos!$A$5:$AO$3600,35) -> 235 | S11: =+VLOOKUP($B11,Datos!$A$5:$AO$3600,37) -> 127.74691 | T11: =+S11-S10 -> -2.368533 | U11: =+VLOOKUP($B11,Datos!$A$5:$AO$3600,39) -> 110 | V11: =+VLOOKUP($B11,Datos!$A$5:$AO$3600,40) -> 142 | W11: =+O11+S11 -> 355.47691 | X11: =+W11-W10 -> 0.111467 | Y11: =+Q11+U11 -> 325 | Z11: =+R11+V11 -> 377 | AA11: =+VLOOKUP($B11,Datos!$A$5:$AU$3600,42) -> 0 | AB11: =+VLOOKUP($B11,Datos!$A$5:$AU$3600,43) -> 0 | AC11: =+VLOOKUP($B11,Datos!$A$5:$AU$3600,44) -> 0 | AD11: =+VLOOKUP($B11,Datos!$A$5:$AU$3600,45) -> 0 | AE11: =+VLOOKUP($B11,Datos!$A$5:$AU$3600,46) -> 0 | AF11: =+VLOOKUP($B11,Datos!$A$5:$AU$3600,47) -> 0 | AG11: =+VLOOKUP($B11,Datos!$A$5:$AU$3600,25) -> 17 | AH11: =+VLOOKUP($B11,Datos!$A$5:$AU$3600,26) -> 18 | AI11: =+VLOOKUP($B11,Datos!$A$5:$AU$3600,27) -> 17.5 | AJ11: =+VLOOKUP($B11,Datos!$A$5:$AU$3600,28) -> 5 | AK11: =+VLOOKUP($B11,Datos!$A$5:$AU$3600,29) -> 17 | AL11: =+VLOOKUP($B11,Datos!$A$5:$AU$3600,30) -> 11 | AM11: =+VLOOKUP($B11,Datos!$A$6:$BX$2600,72) -> 44.132 | AN11: =+VLOOKUP($B11,Datos!$A$6:$BX$2600,73) -> 0.13585 | AO11: =+VLOOKUP($B11,Datos!$A$6:$BX$2600,74) -> 0 | AP11: =+VLOOKUP($B11,Datos!$A$6:$BX$2600,75) -> 2.0217857 | AQ11: =+SUM(AM11:AP11) -> 46.289636
B12: =+B11+1 -> 46120 | C12: =+VLOOKUP($B12,Datos!$A$5:$F$3600,2) -> 126.8 | D12: =+VLOOKUP($B12,Datos!$A$5:$F$3600,3) -> 28.3 | E12: =+VLOOKUP($B12,Datos!$A$5:$F$3600,4) -> 39.2 | F12: =+VLOOKUP($B12,Datos!$A$5:$F$3600,5) -> 39.4 | G12: =+VLOOKUP($B12,Datos!$A$5:$F$3600,6) -> 11.3 | H12: =+VLOOKUP($B12,Datos!$A$5:$T$3600,11) -> 69.9 | I12: =+VLOOKUP($B12,Datos!$A$5:$T$3600,15) -> 34.9 | J12: =+VLOOKUP($B12,Datos!$A$5:$T$3600,20) -> 20.8 | K12: =+VLOOKUP($B12,Datos!$A$5:$T$3600,17) -> 20.8 | L12: =+VLOOKUP($B12,Datos!$A$5:$T$3600,18) -> 0 | M12: =+VLOOKUP($B12,Datos!$A$5:$T$3600,19) -> 0 | N12: =+SUM(H12:J12) -> 125.6 | O12: =+VLOOKUP($B12,Datos!$A$5:$AO$3600,32) -> 228.5 | P12: =+O12-O11 -> 0.77 | Q12: =+VLOOKUP($B12,Datos!$A$5:$AO$3600,34) -> 215 | R12: =+VLOOKUP($B12,Datos!$A$5:$AO$3600,35) -> 235 | S12: =+VLOOKUP($B12,Datos!$A$5:$AO$3600,37) -> 127.13189 | T12: =+S12-S11 -> -0.61502 | U12: =+VLOOKUP($B12,Datos!$A$5:$AO$3600,39) -> 110 | V12: =+VLOOKUP($B12,Datos!$A$5:$AO$3600,40) -> 142 | W12: =+O12+S12 -> 355.63189 | X12: =+W12-W11 -> 0.15498 | Y12: =+Q12+U12 -> 325 | Z12: =+R12+V12 -> 377 | AA12: =+VLOOKUP($B12,Datos!$A$5:$AU$3600,42) -> 0 | AB12: =+VLOOKUP($B12,Datos!$A$5:$AU$3600,43) -> 0 | AC12: =+VLOOKUP($B12,Datos!$A$5:$AU$3600,44) -> 0 | AD12: =+VLOOKUP($B12,Datos!$A$5:$AU$3600,45) -> 0 | AE12: =+VLOOKUP($B12,Datos!$A$5:$AU$3600,46) -> 0 | AF12: =+VLOOKUP($B12,Datos!$A$5:$AU$3600,47) -> 0 | AG12: =+VLOOKUP($B12,Datos!$A$5:$AU$3600,25) -> 14 | AH12: =+VLOOKUP($B12,Datos!$A$5:$AU$3600,26) -> 19 | AI12: =+VLOOKUP($B12,Datos!$A$5:$AU$3600,27) -> 16.5 | AJ12: =+VLOOKUP($B12,Datos!$A$5:$AU$3600,28) -> 2 | AK12: =+VLOOKUP($B12,Datos!$A$5:$AU$3600,29) -> 18 | AL12: =+VLOOKUP($B12,Datos!$A$5:$AU$3600,30) -> 10 | AM12: =+VLOOKUP($B12,Datos!$A$6:$BX$2600,72) -> 43.413 | AN12: =+VLOOKUP($B12,Datos!$A$6:$BX$2600,73) -> 0.73134286 | AO12: =+VLOOKUP($B12,Datos!$A$6:$BX$2600,74) -> 0 | AP12: =+VLOOKUP($B12,Datos!$A$6:$BX$2600,75) -> 1.2876429 | AQ12: =+SUM(AM12:AP12) -> 45.431986
B13: =+B12+1 -> 46121 | C13: =+VLOOKUP($B13,Datos!$A$5:$F$3600,2) -> 125.3 | D13: =+VLOOKUP($B13,Datos!$A$5:$F$3600,3) -> 27.9 | E13: =+VLOOKUP($B13,Datos!$A$5:$F$3600,4) -> 37.7 | F13: =+VLOOKUP($B13,Datos!$A$5:$F$3600,5) -> 37.2 | G13: =+VLOOKUP($B13,Datos!$A$5:$F$3600,6) -> 11.2 | H13: =+VLOOKUP($B13,Datos!$A$5:$T$3600,11) -> 70 | I13: =+VLOOKUP($B13,Datos!$A$5:$T$3600,15) -> 35.9 | J13: =+VLOOKUP($B13,Datos!$A$5:$T$3600,20) -> 20.5 | K13: =+VLOOKUP($B13,Datos!$A$5:$T$3600,17) -> 20.5 | L13: =+VLOOKUP($B13,Datos!$A$5:$T$3600,18) -> 0 | M13: =+VLOOKUP($B13,Datos!$A$5:$T$3600,19) -> 0 | N13: =+SUM(H13:J13) -> 126.4 | O13: =+VLOOKUP($B13,Datos!$A$5:$AO$3600,32) -> 226.87 | P13: =+O13-O12 -> -1.63 | Q13: =+VLOOKUP($B13,Datos!$A$5:$AO$3600,34) -> 215 | R13: =+VLOOKUP($B13,Datos!$A$5:$AO$3600,35) -> 235 | S13: =+VLOOKUP($B13,Datos!$A$5:$AO$3600,37) -> 130.63668 | T13: =+S13-S12 -> 3.50479 | U13: =+VLOOKUP($B13,Datos!$A$5:$AO$3600,39) -> 110 | V13: =+VLOOKUP($B13,Datos!$A$5:$AO$3600,40) -> 142 | W13: =+O13+S13 -> 357.50668 | X13: =+W13-W12 -> 1.87479 | Y13: =+Q13+U13 -> 325 | Z13: =+R13+V13 -> 377 | AA13: =+VLOOKUP($B13,Datos!$A$5:$AU$3600,42) -> 0 | AB13: =+VLOOKUP($B13,Datos!$A$5:$AU$3600,43) -> 0 | AC13: =+VLOOKUP($B13,Datos!$A$5:$AU$3600,44) -> 0 | AD13: =+VLOOKUP($B13,Datos!$A$5:$AU$3600,45) -> 0 | AE13: =+VLOOKUP($B13,Datos!$A$5:$AU$3600,46) -> 0 | AF13: =+VLOOKUP($B13,Datos!$A$5:$AU$3600,47) -> 0 | AG13: =+VLOOKUP($B13,Datos!$A$5:$AU$3600,25) -> 13 | AH13: =+VLOOKUP($B13,Datos!$A$5:$AU$3600,26) -> 20 | AI13: =+VLOOKUP($B13,Datos!$A$5:$AU$3600,27) -> 16.5 | AJ13: =+VLOOKUP($B13,Datos!$A$5:$AU$3600,28) -> 2 | AK13: =+VLOOKUP($B13,Datos!$A$5:$AU$3600,29) -> 19 | AL13: =+VLOOKUP($B13,Datos!$A$5:$AU$3600,30) -> 10.5 | AM13: =+VLOOKUP($B13,Datos!$A$6:$BX$2600,72) -> 44.044 | AN13: =+VLOOKUP($B13,Datos!$A$6:$BX$2600,73) -> 0.018385714 | AO13: =+VLOOKUP($B13,Datos!$A$6:$BX$2600,74) -> 0 | AP13: =+VLOOKUP($B13,Datos!$A$6:$BX$2600,75) -> 0 | AQ13: =+SUM(AM13:AP13) -> 44.062386
B14: =+B13+1 -> 46122 | C14: =+VLOOKUP($B14,Datos!$A$5:$F$3600,2) -> 124.2 | D14: =+VLOOKUP($B14,Datos!$A$5:$F$3600,3) -> 27.8 | E14: =+VLOOKUP($B14,Datos!$A$5:$F$3600,4) -> 38.2 | F14: =+VLOOKUP($B14,Datos!$A$5:$F$3600,5) -> 35.1 | G14: =+VLOOKUP($B14,Datos!$A$5:$F$3600,6) -> 10.8 | H14: =+VLOOKUP($B14,Datos!$A$5:$T$3600,11) -> 71.3 | I14: =+VLOOKUP($B14,Datos!$A$5:$T$3600,15) -> 33.3 | J14: =+VLOOKUP($B14,Datos!$A$5:$T$3600,20) -> 20.3 | K14: =+VLOOKUP($B14,Datos!$A$5:$T$3600,17) -> 20.3 | L14: =+VLOOKUP($B14,Datos!$A$5:$T$3600,18) -> 0 | M14: =+VLOOKUP($B14,Datos!$A$5:$T$3600,19) -> 0 | N14: =+SUM(H14:J14) -> 124.9 | O14: =+VLOOKUP($B14,Datos!$A$5:$AO$3600,32) -> 229.32 | P14: =+O14-O13 -> 2.45 | Q14: =+VLOOKUP($B14,Datos!$A$5:$AO$3600,34) -> 215 | R14: =+VLOOKUP($B14,Datos!$A$5:$AO$3600,35) -> 235 | S14: =+VLOOKUP($B14,Datos!$A$5:$AO$3600,37) -> 130.55521 | T14: =+S14-S13 -> -0.08147 | U14: =+VLOOKUP($B14,Datos!$A$5:$AO$3600,39) -> 110 | V14: =+VLOOKUP($B14,Datos!$A$5:$AO$3600,40) -> 142 | W14: =+O14+S14 -> 359.87521 | X14: =+W14-W13 -> 2.36853 | Y14: =+Q14+U14 -> 325 | Z14: =+R14+V14 -> 377 | AA14: =+VLOOKUP($B14,Datos!$A$5:$AU$3600,42) -> 0 | AB14: =+VLOOKUP($B14,Datos!$A$5:$AU$3600,43) -> 0 | AC14: =+VLOOKUP($B14,Datos!$A$5:$AU$3600,44) -> 0 | AD14: =+VLOOKUP($B14,Datos!$A$5:$AU$3600,45) -> 0 | AE14: =+VLOOKUP($B14,Datos!$A$5:$AU$3600,46) -> 0 | AF14: =+VLOOKUP($B14,Datos!$A$5:$AU$3600,47) -> 0 | AG14: =+VLOOKUP($B14,Datos!$A$5:$AU$3600,25) -> 11 | AH14: =+VLOOKUP($B14,Datos!$A$5:$AU$3600,26) -> 21 | AI14: =+VLOOKUP($B14,Datos!$A$5:$AU$3600,27) -> 16 | AJ14: =+VLOOKUP($B14,Datos!$A$5:$AU$3600,28) -> 3 | AK14: =+VLOOKUP($B14,Datos!$A$5:$AU$3600,29) -> 20 | AL14: =+VLOOKUP($B14,Datos!$A$5:$AU$3600,30) -> 11.5 | AM14: =+VLOOKUP($B14,Datos!$A$6:$BX$2600,72) -> 39.452 | AN14: =+VLOOKUP($B14,Datos!$A$6:$BX$2600,73) -> 0.79160714 | AO14: =+VLOOKUP($B14,Datos!$A$6:$BX$2600,74) -> 0 | AP14: =+VLOOKUP($B14,Datos!$A$6:$BX$2600,75) -> 0 | AQ14: =+SUM(AM14:AP14) -> 40.243607
B15: =+B14+1 -> 46123 | C15: =+VLOOKUP($B15,Datos!$A$5:$F$3600,2) -> 110 | D15: =+VLOOKUP($B15,Datos!$A$5:$F$3600,3) -> 22.3 | E15: =+VLOOKUP($B15,Datos!$A$5:$F$3600,4) -> 37.7 | F15: =+VLOOKUP($B15,Datos!$A$5:$F$3600,5) -> 27.2 | G15: =+VLOOKUP($B15,Datos!$A$5:$F$3600,6) -> 11.5 | H15: =+VLOOKUP($B15,Datos!$A$5:$T$3600,11) -> 71.6 | I15: =+VLOOKUP($B15,Datos!$A$5:$T$3600,15) -> 34.1 | J15: =+VLOOKUP($B15,Datos!$A$5:$T$3600,20) -> 16 | K15: =+VLOOKUP($B15,Datos!$A$5:$T$3600,17) -> 16 | L15: =+VLOOKUP($B15,Datos!$A$5:$T$3600,18) -> 0 | M15: =+VLOOKUP($B15,Datos!$A$5:$T$3600,19) -> 0 | N15: =+SUM(H15:J15) -> 121.7 | O15: =+VLOOKUP($B15,Datos!$A$5:$AO$3600,32) -> 235.81 | P15: =+O15-O14 -> 6.49 | Q15: =+VLOOKUP($B15,Datos!$A$5:$AO$3600,34) -> 215 | R15: =+VLOOKUP($B15,Datos!$A$5:$AO$3600,35) -> 235 | S15: =+VLOOKUP($B15,Datos!$A$5:$AO$3600,37) -> 134.07248 | T15: =+S15-S14 -> 3.51727 | U15: =+VLOOKUP($B15,Datos!$A$5:$AO$3600,39) -> 110 | V15: =+VLOOKUP($B15,Datos!$A$5:$AO$3600,40) -> 142 | W15: =+O15+S15 -> 369.88248 | X15: =+W15-W14 -> 10.00727 | Y15: =+Q15+U15 -> 325 | Z15: =+R15+V15 -> 377 | AA15: =+VLOOKUP($B15,Datos!$A$5:$AU$3600,42) -> 0 | AB15: =+VLOOKUP($B15,Datos!$A$5:$AU$3600,43) -> 0 | AC15: =+VLOOKUP($B15,Datos!$A$5:$AU$3600,44) -> 0 | AD15: =+VLOOKUP($B15,Datos!$A$5:$AU$3600,45) -> 0 | AE15: =+VLOOKUP($B15,Datos!$A$5:$AU$3600,46) -> 0 | AF15: =+VLOOKUP($B15,Datos!$A$5:$AU$3600,47) -> 0 | AG15: =+VLOOKUP($B15,Datos!$A$5:$AU$3600,25) -> 12 | AH15: =+VLOOKUP($B15,Datos!$A$5:$AU$3600,26) -> 21 | AI15: =+VLOOKUP($B15,Datos!$A$5:$AU$3600,27) -> 16.5 | AJ15: =+VLOOKUP($B15,Datos!$A$5:$AU$3600,28) -> 6 | AK15: =+VLOOKUP($B15,Datos!$A$5:$AU$3600,29) -> 14 | AL15: =+VLOOKUP($B15,Datos!$A$5:$AU$3600,30) -> 10 | AM15: =+VLOOKUP($B15,Datos!$A$6:$BX$2600,72) -> 30.947 | AN15: =+VLOOKUP($B15,Datos!$A$6:$BX$2600,73) -> 0.091928571 | AO15: =+VLOOKUP($B15,Datos!$A$6:$BX$2600,74) -> 0 | AP15: =+VLOOKUP($B15,Datos!$A$6:$BX$2600,75) -> 0 | AQ15: =+SUM(AM15:AP15) -> 31.038929
B16: =+B15+1 -> 46124 | C16: =+VLOOKUP($B16,Datos!$A$5:$F$3600,2) -> 108.2 | D16: =+VLOOKUP($B16,Datos!$A$5:$F$3600,3) -> 21.6 | E16: =+VLOOKUP($B16,Datos!$A$5:$F$3600,4) -> 37.7 | F16: =+VLOOKUP($B16,Datos!$A$5:$F$3600,5) -> 27.2 | G16: =+VLOOKUP($B16,Datos!$A$5:$F$3600,6) -> 11.5 | H16: =+VLOOKUP($B16,Datos!$A$5:$T$3600,11) -> 71.6 | I16: =+VLOOKUP($B16,Datos!$A$5:$T$3600,15) -> 34.1 | J16: =+VLOOKUP($B16,Datos!$A$5:$T$3600,20) -> 13 | K16: =+VLOOKUP($B16,Datos!$A$5:$T$3600,17) -> 13 | L16: =+VLOOKUP($B16,Datos!$A$5:$T$3600,18) -> 0 | M16: =+VLOOKUP($B16,Datos!$A$5:$T$3600,19) -> 0 | N16: =+SUM(H16:J16) -> 118.7 | O16: =+VLOOKUP($B16,Datos!$A$5:$AO$3600,32) -> 0 | P16: =+O16-O15 -> -235.81 | Q16: =+VLOOKUP($B16,Datos!$A$5:$AO$3600,34) -> 215 | R16: =+VLOOKUP($B16,Datos!$A$5:$AO$3600,35) -> 235 | S16: =+VLOOKUP($B16,Datos!$A$5:$AO$3600,37) -> 0 | T16: =+S16-S15 -> -134.07248 | U16: =+VLOOKUP($B16,Datos!$A$5:$AO$3600,39) -> 110 | V16: =+VLOOKUP($B16,Datos!$A$5:$AO$3600,40) -> 142 | W16: =+O16+S16 -> 0 | X16: =+W16-W15 -> -369.88248 | Y16: =+Q16+U16 -> 325 | Z16: =+R16+V16 -> 377 | AA16: =+VLOOKUP($B16,Datos!$A$5:$AU$3600,42) -> 0 | AB16: =+VLOOKUP($B16,Datos!$A$5:$AU$3600,43) -> 0 | AC16: =+VLOOKUP($B16,Datos!$A$5:$AU$3600,44) -> 0 | AD16: =+VLOOKUP($B16,Datos!$A$5:$AU$3600,45) -> 0 | AE16: =+VLOOKUP($B16,Datos!$A$5:$AU$3600,46) -> 0 | AF16: =+VLOOKUP($B16,Datos!$A$5:$AU$3600,47) -> 0 | AG16: =+VLOOKUP($B16,Datos!$A$5:$AU$3600,25) -> 13 | AH16: =+VLOOKUP($B16,Datos!$A$5:$AU$3600,26) -> 22 | AI16: =+VLOOKUP($B16,Datos!$A$5:$AU$3600,27) -> 17.5 | AJ16: =+VLOOKUP($B16,Datos!$A$5:$AU$3600,28) -> 3 | AK16: =+VLOOKUP($B16,Datos!$A$5:$AU$3600,29) -> 13 | AL16: =+VLOOKUP($B16,Datos!$A$5:$AU$3600,30) -> 8 | AM16: =+VLOOKUP($B16,Datos!$A$6:$BX$2600,72) -> 32.189 | AN16: =+VLOOKUP($B16,Datos!$A$6:$BX$2600,73) -> 0.037792857 | AO16: =+VLOOKUP($B16,Datos!$A$6:$BX$2600,74) -> 0 | AP16: =+VLOOKUP($B16,Datos!$A$6:$BX$2600,75) -> 0 | AQ16: =+SUM(AM16:AP16) -> 32.226793
B17: =+B16+1 -> 46125 | C17: =+VLOOKUP($B17,Datos!$A$5:$F$3600,2) -> 119.7 | D17: =+VLOOKUP($B17,Datos!$A$5:$F$3600,3) -> 25.9 | E17: =+VLOOKUP($B17,Datos!$A$5:$F$3600,4) -> 38.7 | F17: =+VLOOKUP($B17,Datos!$A$5:$F$3600,5) -> 34.5 | G17: =+VLOOKUP($B17,Datos!$A$5:$F$3600,6) -> 9.8 | H17: =+VLOOKUP($B17,Datos!$A$5:$T$3600,11) -> 62.9 | I17: =+VLOOKUP($B17,Datos!$A$5:$T$3600,15) -> 31.8 | J17: =+VLOOKUP($B17,Datos!$A$5:$T$3600,20) -> 16 | K17: =+VLOOKUP($B17,Datos!$A$5:$T$3600,17) -> 16 | L17: =+VLOOKUP($B17,Datos!$A$5:$T$3600,18) -> 0 | M17: =+VLOOKUP($B17,Datos!$A$5:$T$3600,19) -> 0 | N17: =+SUM(H17:J17) -> 110.7 | O17: =+VLOOKUP($B17,Datos!$A$5:$AO$3600,32) -> 0 | P17: =+O17-O16 -> 0 | Q17: =+VLOOKUP($B17,Datos!$A$5:$AO$3600,34) -> 215 | R17: =+VLOOKUP($B17,Datos!$A$5:$AO$3600,35) -> 235 | S17: =+VLOOKUP($B17,Datos!$A$5:$AO$3600,37) -> 0 | T17: =+S17-S16 -> 0 | U17: =+VLOOKUP($B17,Datos!$A$5:$AO$3600,39) -> 110 | V17: =+VLOOKUP($B17,Datos!$A$5:$AO$3600,40) -> 142 | W17: =+O17+S17 -> 0 | X17: =+W17-W16 -> 0 | Y17: =+Q17+U17 -> 325 | Z17: =+R17+V17 -> 377 | AA17: =+VLOOKUP($B17,Datos!$A$5:$AU$3600,42) -> 0 | AB17: =+VLOOKUP($B17,Datos!$A$5:$AU$3600,43) -> 0 | AC17: =+VLOOKUP($B17,Datos!$A$5:$AU$3600,44) -> 0 | AD17: =+VLOOKUP($B17,Datos!$A$5:$AU$3600,45) -> 0 | AE17: =+VLOOKUP($B17,Datos!$A$5:$AU$3600,46) -> 0 | AF17: =+VLOOKUP($B17,Datos!$A$5:$AU$3600,47) -> 0 | AG17: =+VLOOKUP($B17,Datos!$A$5:$AU$3600,25) -> 17 | AH17: =+VLOOKUP($B17,Datos!$A$5:$AU$3600,26) -> 21 | AI17: =+VLOOKUP($B17,Datos!$A$5:$AU$3600,27) -> 19 | AJ17: =+VLOOKUP($B17,Datos!$A$5:$AU$3600,28) -> 2 | AK17: =+VLOOKUP($B17,Datos!$A$5:$AU$3600,29) -> 18 | AL17: =+VLOOKUP($B17,Datos!$A$5:$AU$3600,30) -> 10 | AM17: =+VLOOKUP($B17,Datos!$A$6:$BX$2600,72) -> 40.335 | AN17: =+VLOOKUP($B17,Datos!$A$6:$BX$2600,73) -> 0.10929286 | AO17: =+VLOOKUP($B17,Datos!$A$6:$BX$2600,74) -> 0 | AP17: =+VLOOKUP($B17,Datos!$A$6:$BX$2600,75) -> 0 | AQ17: =+SUM(AM17:AP17) -> 40.444293
B18: =+B17+1 -> 46126 | C18: =+VLOOKUP($B18,Datos!$A$5:$F$3600,2) -> 116.54425 | D18: =+VLOOKUP($B18,Datos!$A$5:$F$3600,3) -> 23.392857 | E18: =+VLOOKUP($B18,Datos!$A$5:$F$3600,4) -> 36.978571 | F18: =+VLOOKUP($B18,Datos!$A$5:$F$3600,5) -> 35.591 | G18: =+VLOOKUP($B18,Datos!$A$5:$F$3600,6) -> 10.581818 | H18: =+VLOOKUP($B18,Datos!$A$5:$T$3600,11) -> 62.9 | I18: =+VLOOKUP($B18,Datos!$A$5:$T$3600,15) -> 31.8 | J18: =+VLOOKUP($B18,Datos!$A$5:$T$3600,20) -> 17 | K18: =+VLOOKUP($B18,Datos!$A$5:$T$3600,17) -> 17 | L18: =+VLOOKUP($B18,Datos!$A$5:$T$3600,18) -> 0 | M18: =+VLOOKUP($B18,Datos!$A$5:$T$3600,19) -> 0 | N18: =+SUM(H18:J18) -> 111.7 | O18: =+VLOOKUP($B18,Datos!$A$5:$AO$3600,32) -> 0 | P18: =+O18-O17 -> 0 | Q18: =+VLOOKUP($B18,Datos!$A$5:$AO$3600,34) -> 215 | R18: =+VLOOKUP($B18,Datos!$A$5:$AO$3600,35) -> 235 | S18: =+VLOOKUP($B18,Datos!$A$5:$AO$3600,37) -> 0 | T18: =+S18-S17 -> 0 | U18: =+VLOOKUP($B18,Datos!$A$5:$AO$3600,39) -> 110 | V18: =+VLOOKUP($B18,Datos!$A$5:$AO$3600,40) -> 142 | W18: =+O18+S18 -> 0 | X18: =+W18-W17 -> 0 | Y18: =+Q18+U18 -> 325 | Z18: =+R18+V18 -> 377 | AA18: =+VLOOKUP($B18,Datos!$A$5:$AU$3600,42) -> 0 | AB18: =+VLOOKUP($B18,Datos!$A$5:$AU$3600,43) -> 0 | AC18: =+VLOOKUP($B18,Datos!$A$5:$AU$3600,44) -> 0 | AD18: =+VLOOKUP($B18,Datos!$A$5:$AU$3600,45) -> 0 | AE18: =+VLOOKUP($B18,Datos!$A$5:$AU$3600,46) -> 0 | AF18: =+VLOOKUP($B18,Datos!$A$5:$AU$3600,47) -> 0 | AG18: =+VLOOKUP($B18,Datos!$A$5:$AU$3600,25) -> 18 | AH18: =+VLOOKUP($B18,Datos!$A$5:$AU$3600,26) -> 24 | AI18: =+VLOOKUP($B18,Datos!$A$5:$AU$3600,27) -> 21 | AJ18: =+VLOOKUP($B18,Datos!$A$5:$AU$3600,28) -> 4 | AK18: =+VLOOKUP($B18,Datos!$A$5:$AU$3600,29) -> 14 | AL18: =+VLOOKUP($B18,Datos!$A$5:$AU$3600,30) -> 9 | AM18: =+VLOOKUP($B18,Datos!$A$6:$BX$2600,72) -> 40.591 | AN18: =+VLOOKUP($B18,Datos!$A$6:$BX$2600,73) -> 0.10725 | AO18: =+VLOOKUP($B18,Datos!$A$6:$BX$2600,74) -> 0 | AP18: =+VLOOKUP($B18,Datos!$A$6:$BX$2600,75) -> 0 | AQ18: =+SUM(AM18:AP18) -> 40.69825
B19: =+B18+1 -> 46127 | C19: =+VLOOKUP($B19,Datos!$A$5:$F$3600,2) -> 117.04866 | D19: =+VLOOKUP($B19,Datos!$A$5:$F$3600,3) -> 23.913776 | E19: =+VLOOKUP($B19,Datos!$A$5:$F$3600,4) -> 36.969898 | F19: =+VLOOKUP($B19,Datos!$A$5:$F$3600,5) -> 35.603 | G19: =+VLOOKUP($B19,Datos!$A$5:$F$3600,6) -> 10.561983 | H19: =+VLOOKUP($B19,Datos!$A$5:$T$3600,11) -> 62.9 | I19: =+VLOOKUP($B19,Datos!$A$5:$T$3600,15) -> 31.8 | J19: =+VLOOKUP($B19,Datos!$A$5:$T$3600,20) -> 17 | K19: =+VLOOKUP($B19,Datos!$A$5:$T$3600,17) -> 17 | L19: =+VLOOKUP($B19,Datos!$A$5:$T$3600,18) -> 0 | M19: =+VLOOKUP($B19,Datos!$A$5:$T$3600,19) -> 0 | N19: =+SUM(H19:J19) -> 111.7 | O19: =+VLOOKUP($B19,Datos!$A$5:$AO$3600,32) -> 0 | P19: =+O19-O18 -> 0 | Q19: =+VLOOKUP($B19,Datos!$A$5:$AO$3600,34) -> 215 | R19: =+VLOOKUP($B19,Datos!$A$5:$AO$3600,35) -> 235 | S19: =+VLOOKUP($B19,Datos!$A$5:$AO$3600,37) -> 0 | T19: =+S19-S18 -> 0 | U19: =+VLOOKUP($B19,Datos!$A$5:$AO$3600,39) -> 110 | V19: =+VLOOKUP($B19,Datos!$A$5:$AO$3600,40) -> 142 | W19: =+O19+S19 -> 0 | X19: =+W19-W18 -> 0 | Y19: =+Q19+U19 -> 325 | Z19: =+R19+V19 -> 377 | AA19: =+VLOOKUP($B19,Datos!$A$5:$AU$3600,42) -> 0 | AB19: =+VLOOKUP($B19,Datos!$A$5:$AU$3600,43) -> 0 | AC19: =+VLOOKUP($B19,Datos!$A$5:$AU$3600,44) -> 0 | AD19: =+VLOOKUP($B19,Datos!$A$5:$AU$3600,45) -> 0 | AE19: =+VLOOKUP($B19,Datos!$A$5:$AU$3600,46) -> 0 | AF19: =+VLOOKUP($B19,Datos!$A$5:$AU$3600,47) -> 0 | AG19: =+VLOOKUP($B19,Datos!$A$5:$AU$3600,25) -> 20 | AH19: =+VLOOKUP($B19,Datos!$A$5:$AU$3600,26) -> 22 | AI19: =+VLOOKUP($B19,Datos!$A$5:$AU$3600,27) -> 21 | AJ19: =+VLOOKUP($B19,Datos!$A$5:$AU$3600,28) -> 1 | AK19: =+VLOOKUP($B19,Datos!$A$5:$AU$3600,29) -> 18 | AL19: =+VLOOKUP($B19,Datos!$A$5:$AU$3600,30) -> 9.5 | AM19: =+VLOOKUP($B19,Datos!$A$6:$BX$2600,72) -> 40.603 | AN19: =+VLOOKUP($B19,Datos!$A$6:$BX$2600,73) -> 0.10725 | AO19: =+VLOOKUP($B19,Datos!$A$6:$BX$2600,74) -> 0 | AP19: =+VLOOKUP($B19,Datos!$A$6:$BX$2600,75) -> 0 | AQ19: =+SUM(AM19:AP19) -> 40.71025
B20: =+B19+1 -> 46128 | C20: =+VLOOKUP($B20,Datos!$A$5:$F$3600,2) -> 117.62509 | D20: =+VLOOKUP($B20,Datos!$A$5:$F$3600,3) -> 24.300474 | E20: =+VLOOKUP($B20,Datos!$A$5:$F$3600,4) -> 36.989176 | F20: =+VLOOKUP($B20,Datos!$A$5:$F$3600,5) -> 35.586 | G20: =+VLOOKUP($B20,Datos!$A$5:$F$3600,6) -> 10.749437 | H20: =+VLOOKUP($B20,Datos!$A$5:$T$3600,11) -> 62.9 | I20: =+VLOOKUP($B20,Datos!$A$5:$T$3600,15) -> 31.8 | J20: =+VLOOKUP($B20,Datos!$A$5:$T$3600,20) -> 17 | K20: =+VLOOKUP($B20,Datos!$A$5:$T$3600,17) -> 17 | L20: =+VLOOKUP($B20,Datos!$A$5:$T$3600,18) -> 0 | M20: =+VLOOKUP($B20,Datos!$A$5:$T$3600,19) -> 0 | N20: =+SUM(H20:J20) -> 111.7 | O20: =+VLOOKUP($B20,Datos!$A$5:$AO$3600,32) -> 0 | P20: =+O20-O19 -> 0 | Q20: =+VLOOKUP($B20,Datos!$A$5:$AO$3600,34) -> 215 | R20: =+VLOOKUP($B20,Datos!$A$5:$AO$3600,35) -> 235 | S20: =+VLOOKUP($B20,Datos!$A$5:$AO$3600,37) -> 0 | T20: =+S20-S19 -> 0 | U20: =+VLOOKUP($B20,Datos!$A$5:$AO$3600,39) -> 110 | V20: =+VLOOKUP($B20,Datos!$A$5:$AO$3600,40) -> 142 | W20: =+O20+S20 -> 0 | X20: =+W20-W19 -> 0 | Y20: =+Q20+U20 -> 325 | Z20: =+R20+V20 -> 377 | AA20: =+VLOOKUP($B20,Datos!$A$5:$AU$3600,42) -> 0 | AB20: =+VLOOKUP($B20,Datos!$A$5:$AU$3600,43) -> 0 | AC20: =+VLOOKUP($B20,Datos!$A$5:$AU$3600,44) -> 0 | AD20: =+VLOOKUP($B20,Datos!$A$5:$AU$3600,45) -> 0 | AE20: =+VLOOKUP($B20,Datos!$A$5:$AU$3600,46) -> 0 | AF20: =+VLOOKUP($B20,Datos!$A$5:$AU$3600,47) -> 0 | AG20: =+VLOOKUP($B20,Datos!$A$5:$AU$3600,25) -> 19 | AH20: =+VLOOKUP($B20,Datos!$A$5:$AU$3600,26) -> 25 | AI20: =+VLOOKUP($B20,Datos!$A$5:$AU$3600,27) -> 22 | AJ20: =+VLOOKUP($B20,Datos!$A$5:$AU$3600,28) -> 9 | AK20: =+VLOOKUP($B20,Datos!$A$5:$AU$3600,29) -> 16 | AL20: =+VLOOKUP($B20,Datos!$A$5:$AU$3600,30) -> 12.5 | AM20: =+VLOOKUP($B20,Datos!$A$6:$BX$2600,72) -> 40.586 | AN20: =+VLOOKUP($B20,Datos!$A$6:$BX$2600,73) -> 0.10929286 | AO20: =+VLOOKUP($B20,Datos!$A$6:$BX$2600,74) -> 0 | AP20: =+VLOOKUP($B20,Datos!$A$6:$BX$2600,75) -> 0 | AQ20: =+SUM(AM20:AP20) -> 40.695293
B21: =+B20+1 -> 46129 | C21: =+VLOOKUP($B21,Datos!$A$5:$F$3600,2) -> 117.99919 | D21: =+VLOOKUP($B21,Datos!$A$5:$F$3600,3) -> 24.750508 | E21: =+VLOOKUP($B21,Datos!$A$5:$F$3600,4) -> 37.024118 | F21: =+VLOOKUP($B21,Datos!$A$5:$F$3600,5) -> 35.307 | G21: =+VLOOKUP($B21,Datos!$A$5:$F$3600,6) -> 10.917567 | H21: =+VLOOKUP($B21,Datos!$A$5:$T$3600,11) -> 62.9 | I21: =+VLOOKUP($B21,Datos!$A$5:$T$3600,15) -> 31.8 | J21: =+VLOOKUP($B21,Datos!$A$5:$T$3600,20) -> 17 | K21: =+VLOOKUP($B21,Datos!$A$5:$T$3600,17) -> 17 | L21: =+VLOOKUP($B21,Datos!$A$5:$T$3600,18) -> 0 | M21: =+VLOOKUP($B21,Datos!$A$5:$T$3600,19) -> 0 | N21: =+SUM(H21:J21) -> 111.7 | O21: =+VLOOKUP($B21,Datos!$A$5:$AO$3600,32) -> 0 | P21: =+O21-O20 -> 0 | Q21: =+VLOOKUP($B21,Datos!$A$5:$AO$3600,34) -> 215 | R21: =+VLOOKUP($B21,Datos!$A$5:$AO$3600,35) -> 235 | S21: =+VLOOKUP($B21,Datos!$A$5:$AO$3600,37) -> 0 | T21: =+S21-S20 -> 0 | U21: =+VLOOKUP($B21,Datos!$A$5:$AO$3600,39) -> 110 | V21: =+VLOOKUP($B21,Datos!$A$5:$AO$3600,40) -> 142 | W21: =+O21+S21 -> 0 | X21: =+W21-W20 -> 0 | Y21: =+Q21+U21 -> 325 | Z21: =+R21+V21 -> 377 | AA21: =+VLOOKUP($B21,Datos!$A$5:$AU$3600,42) -> 0 | AB21: =+VLOOKUP($B21,Datos!$A$5:$AU$3600,43) -> 0 | AC21: =+VLOOKUP($B21,Datos!$A$5:$AU$3600,44) -> 0 | AD21: =+VLOOKUP($B21,Datos!$A$5:$AU$3600,45) -> 0 | AE21: =+VLOOKUP($B21,Datos!$A$5:$AU$3600,46) -> 0 | AF21: =+VLOOKUP($B21,Datos!$A$5:$AU$3600,47) -> 0 | AG21: =+VLOOKUP($B21,Datos!$A$5:$AU$3600,25) -> 17 | AH21: =+VLOOKUP($B21,Datos!$A$5:$AU$3600,26) -> 24 | AI21: =+VLOOKUP($B21,Datos!$A$5:$AU$3600,27) -> 20.5 | AJ21: =+VLOOKUP($B21,Datos!$A$5:$AU$3600,28) -> 7 | AK21: =+VLOOKUP($B21,Datos!$A$5:$AU$3600,29) -> 17 | AL21: =+VLOOKUP($B21,Datos!$A$5:$AU$3600,30) -> 12 | AM21: =+VLOOKUP($B21,Datos!$A$6:$BX$2600,72) -> 40.307 | AN21: =+VLOOKUP($B21,Datos!$A$6:$BX$2600,73) -> 0.12052857 | AO21: =+VLOOKUP($B21,Datos!$A$6:$BX$2600,74) -> 0 | AP21: =+VLOOKUP($B21,Datos!$A$6:$BX$2600,75) -> 0 | AQ21: =+SUM(AM21:AP21) -> 40.427529
B22: =+B21+1 -> 46130 | C22: =+VLOOKUP($B22,Datos!$A$5:$F$3600,2) -> 116.30055 | D22: =+VLOOKUP($B22,Datos!$A$5:$F$3600,3) -> 25.225544 | E22: =+VLOOKUP($B22,Datos!$A$5:$F$3600,4) -> 37.17584 | F22: =+VLOOKUP($B22,Datos!$A$5:$F$3600,5) -> 32.98 | G22: =+VLOOKUP($B22,Datos!$A$5:$F$3600,6) -> 10.919164 | H22: =+VLOOKUP($B22,Datos!$A$5:$T$3600,11) -> 62.9 | I22: =+VLOOKUP($B22,Datos!$A$5:$T$3600,15) -> 31.8 | J22: =+VLOOKUP($B22,Datos!$A$5:$T$3600,20) -> 17 | K22: =+VLOOKUP($B22,Datos!$A$5:$T$3600,17) -> 17 | L22: =+VLOOKUP($B22,Datos!$A$5:$T$3600,18) -> 0 | M22: =+VLOOKUP($B22,Datos!$A$5:$T$3600,19) -> 0 | N22: =+SUM(H22:J22) -> 111.7 | O22: =+VLOOKUP($B22,Datos!$A$5:$AO$3600,32) -> 0 | Q22: =+VLOOKUP($B22,Datos!$A$5:$AO$3600,34) -> 215 | R22: =+VLOOKUP($B22,Datos!$A$5:$AO$3600,35) -> 235 | S22: =+VLOOKUP($B22,Datos!$A$5:$AO$3600,37) -> 0 | U22: =+VLOOKUP($B22,Datos!$A$5:$AO$3600,39) -> 110 | V22: =+VLOOKUP($B22,Datos!$A$5:$AO$3600,40) -> 142 | W22: =+O22+S22 -> 0 | X22: =+W22-W21 -> 0 | Y22: =+Q22+U22 -> 325 | Z22: =+R22+V22 -> 377 | AA22: =+VLOOKUP($B22,Datos!$A$5:$AU$3600,42) -> 0 | AB22: =+VLOOKUP($B22,Datos!$A$5:$AU$3600,43) -> 0 | AC22: =+VLOOKUP($B22,Datos!$A$5:$AU$3600,44) -> 0 | AD22: =+VLOOKUP($B22,Datos!$A$5:$AU$3600,45) -> 0 | AE22: =+VLOOKUP($B22,Datos!$A$5:$AU$3600,46) -> 0 | AF22: =+VLOOKUP($B22,Datos!$A$5:$AU$3600,47) -> 0 | AG22: =+VLOOKUP($B22,Datos!$A$5:$AU$3600,25) -> 15 | AH22: =+VLOOKUP($B22,Datos!$A$5:$AU$3600,26) -> 22 | AI22: =+VLOOKUP($B22,Datos!$A$5:$AU$3600,27) -> 18.5 | AJ22: =+VLOOKUP($B22,Datos!$A$5:$AU$3600,28) -> 2 | AK22: =+VLOOKUP($B22,Datos!$A$5:$AU$3600,29) -> 13 | AL22: =+VLOOKUP($B22,Datos!$A$5:$AU$3600,30) -> 7.5 | AM22: =+VLOOKUP($B22,Datos!$A$6:$BX$2600,72) -> 37.98 | AN22: =+VLOOKUP($B22,Datos!$A$6:$BX$2600,73) -> 0.055157143 | AO22: =+VLOOKUP($B22,Datos!$A$6:$BX$2600,74) -> 0 | AP22: =+VLOOKUP($B22,Datos!$A$6:$BX$2600,75) -> 0 | AQ22: =+SUM(AM22:AP22) -> 38.035157
B23: =+B22+1 -> 46131 | C23: =+VLOOKUP($B23,Datos!$A$5:$F$3600,2) -> 112.71483 | D23: =+VLOOKUP($B23,Datos!$A$5:$F$3600,3) -> 25.484511 | E23: =+VLOOKUP($B23,Datos!$A$5:$F$3600,4) -> 37.352686 | F23: =+VLOOKUP($B23,Datos!$A$5:$F$3600,5) -> 28.984 | G23: =+VLOOKUP($B23,Datos!$A$5:$F$3600,6) -> 10.893634 | H23: =+VLOOKUP($B23,Datos!$A$5:$T$3600,11) -> 62.9 | I23: =+VLOOKUP($B23,Datos!$A$5:$T$3600,15) -> 31.8 | J23: =+VLOOKUP($B23,Datos!$A$5:$T$3600,20) -> 17 | K23: =+VLOOKUP($B23,Datos!$A$5:$T$3600,17) -> 17 | L23: =+VLOOKUP($B23,Datos!$A$5:$T$3600,18) -> 0 | M23: =+VLOOKUP($B23,Datos!$A$5:$T$3600,19) -> 0 | N23: =+SUM(H23:J23) -> 111.7 | O23: =+VLOOKUP($B23,Datos!$A$5:$AO$3600,32) -> 0 | Q23: =+VLOOKUP($B23,Datos!$A$5:$AO$3600,34) -> 215 | R23: =+VLOOKUP($B23,Datos!$A$5:$AO$3600,35) -> 235 | S23: =+VLOOKUP($B23,Datos!$A$5:$AO$3600,37) -> 0 | U23: =+VLOOKUP($B23,Datos!$A$5:$AO$3600,39) -> 110 | V23: =+VLOOKUP($B23,Datos!$A$5:$AO$3600,40) -> 142 | W23: =+O23+S23 -> 0 | Y23: =+Q23+U23 -> 325 | Z23: =+R23+V23 -> 377 | AA23: =+VLOOKUP($B23,Datos!$A$5:$AU$3600,42) -> 0 | AB23: =+VLOOKUP($B23,Datos!$A$5:$AU$3600,43) -> 0 | AC23: =+VLOOKUP($B23,Datos!$A$5:$AU$3600,44) -> 0 | AD23: =+VLOOKUP($B23,Datos!$A$5:$AU$3600,45) -> 0 | AE23: =+VLOOKUP($B23,Datos!$A$5:$AU$3600,46) -> 0 | AF23: =+VLOOKUP($B23,Datos!$A$5:$AU$3600,47) -> 0 | AG23: =+VLOOKUP($B23,Datos!$A$5:$AU$3600,25) -> 16 | AH23: =+VLOOKUP($B23,Datos!$A$5:$AU$3600,26) -> 22 | AI23: =+VLOOKUP($B23,Datos!$A$5:$AU$3600,27) -> 19 | AJ23: =+VLOOKUP($B23,Datos!$A$5:$AU$3600,28) -> 2 | AK23: =+VLOOKUP($B23,Datos!$A$5:$AU$3600,29) -> 9 | AL23: =+VLOOKUP($B23,Datos!$A$5:$AU$3600,30) -> 5.5 | AM23: =+VLOOKUP($B23,Datos!$A$6:$BX$2600,72) -> 33.984 | AN23: =+VLOOKUP($B23,Datos!$A$6:$BX$2600,73) -> 0.011235714 | AO23: =+VLOOKUP($B23,Datos!$A$6:$BX$2600,74) -> 0 | AP23: =+VLOOKUP($B23,Datos!$A$6:$BX$2600,75) -> 0 | AQ23: =+SUM(AM23:AP23) -> 33.995236
B24: =+B23+1 -> 46132 | C24: =+VLOOKUP($B24,Datos!$A$5:$F$3600,2) -> 0 | D24: =+VLOOKUP($B24,Datos!$A$5:$F$3600,3) -> 0 | E24: =+VLOOKUP($B24,Datos!$A$5:$F$3600,4) -> 0 | F24: =+VLOOKUP($B24,Datos!$A$5:$F$3600,5) -> 0 | G24: =+VLOOKUP($B24,Datos!$A$5:$F$3600,6) -> 0 | H24: =+VLOOKUP($B24,Datos!$A$5:$T$3600,11) -> 0 | I24: =+VLOOKUP($B24,Datos!$A$5:$T$3600,15) -> 0 | J24: =+VLOOKUP($B24,Datos!$A$5:$T$3600,20) -> 0 | K24: =+VLOOKUP($B24,Datos!$A$5:$T$3600,17) -> 0 | L24: =+VLOOKUP($B24,Datos!$A$5:$T$3600,18) -> 0 | M24: =+VLOOKUP($B24,Datos!$A$5:$T$3600,19) -> 0 | N24: =+SUM(H24:J24) -> 0 | O24: =+VLOOKUP($B24,Datos!$A$5:$AO$3600,32) -> 0 | Q24: =+VLOOKUP($B24,Datos!$A$5:$AO$3600,34) -> 215 | R24: =+VLOOKUP($B24,Datos!$A$5:$AO$3600,35) -> 235 | S24: =+VLOOKUP($B24,Datos!$A$5:$AO$3600,37) -> 0 | U24: =+VLOOKUP($B24,Datos!$A$5:$AO$3600,39) -> 110 | V24: =+VLOOKUP($B24,Datos!$A$5:$AO$3600,40) -> 142 | W24: =+O24+S24 -> 0 | Y24: =+Q24+U24 -> 325 | Z24: =+R24+V24 -> 377 | AA24: =+VLOOKUP($B24,Datos!$A$5:$AU$3600,42) -> 0 | AB24: =+VLOOKUP($B24,Datos!$A$5:$AU$3600,43) -> 0 | AC24: =+VLOOKUP($B24,Datos!$A$5:$AU$3600,44) -> 0 | AD24: =+VLOOKUP($B24,Datos!$A$5:$AU$3600,45) -> 0 | AE24: =+VLOOKUP($B24,Datos!$A$5:$AU$3600,46) -> 0 | AF24: =+VLOOKUP($B24,Datos!$A$5:$AU$3600,47) -> 0 | AG24: =+VLOOKUP($B24,Datos!$A$5:$AU$3600,25) -> 13 | AH24: =+VLOOKUP($B24,Datos!$A$5:$AU$3600,26) -> 19 | AI24: =+VLOOKUP($B24,Datos!$A$5:$AU$3600,27) -> 16 | AJ24: =+VLOOKUP($B24,Datos!$A$5:$AU$3600,28) -> 1 | AK24: =+VLOOKUP($B24,Datos!$A$5:$AU$3600,29) -> 12 | AL24: =+VLOOKUP($B24,Datos!$A$5:$AU$3600,30) -> 6.5 | AM24: =+VLOOKUP($B24,Datos!$A$6:$BX$2600,72) -> 0 | AN24: =+VLOOKUP($B24,Datos!$A$6:$BX$2600,73) -> 0 | AO24: =+VLOOKUP($B24,Datos!$A$6:$BX$2600,74) -> 0 | AP24: =+VLOOKUP($B24,Datos!$A$6:$BX$2600,75) -> 0 | AQ24: =+SUM(AM24:AP24) -> 0
B25: =+B24+1 -> 46133 | C25: =+VLOOKUP($B25,Datos!$A$5:$F$3600,2) -> 0 | D25: =+VLOOKUP($B25,Datos!$A$5:$F$3600,3) -> 0 | E25: =+VLOOKUP($B25,Datos!$A$5:$F$3600,4) -> 0 | F25: =+VLOOKUP($B25,Datos!$A$5:$F$3600,5) -> 0 | G25: =+VLOOKUP($B25,Datos!$A$5:$F$3600,6) -> 0 | H25: =+VLOOKUP($B25,Datos!$A$5:$T$3600,11) -> 0 | I25: =+VLOOKUP($B25,Datos!$A$5:$T$3600,15) -> 0 | J25: =+VLOOKUP($B25,Datos!$A$5:$T$3600,20) -> 0 | K25: =+VLOOKUP($B25,Datos!$A$5:$T$3600,17) -> 0 | L25: =+VLOOKUP($B25,Datos!$A$5:$T$3600,18) -> 0 | M25: =+VLOOKUP($B25,Datos!$A$5:$T$3600,19) -> 0 | N25: =+SUM(H25:J25) -> 0 | O25: =+VLOOKUP($B25,Datos!$A$5:$AO$3600,32) -> 0 | Q25: =+VLOOKUP($B25,Datos!$A$5:$AO$3600,34) -> 215 | R25: =+VLOOKUP($B25,Datos!$A$5:$AO$3600,35) -> 235 | S25: =+VLOOKUP($B25,Datos!$A$5:$AO$3600,37) -> 0 | U25: =+VLOOKUP($B25,Datos!$A$5:$AO$3600,39) -> 110 | V25: =+VLOOKUP($B25,Datos!$A$5:$AO$3600,40) -> 142 | W25: =+O25+S25 -> 0 | Y25: =+Q25+U25 -> 325 | Z25: =+R25+V25 -> 377 | AA25: =+VLOOKUP($B25,Datos!$A$5:$AU$3600,42) -> 0 | AB25: =+VLOOKUP($B25,Datos!$A$5:$AU$3600,43) -> 0 | AC25: =+VLOOKUP($B25,Datos!$A$5:$AU$3600,44) -> 0 | AD25: =+VLOOKUP($B25,Datos!$A$5:$AU$3600,45) -> 0 | AE25: =+VLOOKUP($B25,Datos!$A$5:$AU$3600,46) -> 0 | AF25: =+VLOOKUP($B25,Datos!$A$5:$AU$3600,47) -> 0 | AG25: =+VLOOKUP($B25,Datos!$A$5:$AU$3600,25) -> 10 | AH25: =+VLOOKUP($B25,Datos!$A$5:$AU$3600,26) -> 18 | AI25: =+VLOOKUP($B25,Datos!$A$5:$AU$3600,27) -> 14 | AJ25: =+VLOOKUP($B25,Datos!$A$5:$AU$3600,28) -> 1 | AK25: =+VLOOKUP($B25,Datos!$A$5:$AU$3600,29) -> 16 | AL25: =+VLOOKUP($B25,Datos!$A$5:$AU$3600,30) -> 8.5 | AM25: =+VLOOKUP($B25,Datos!$A$6:$BX$2600,72) -> 0 | AN25: =+VLOOKUP($B25,Datos!$A$6:$BX$2600,73) -> 0 | AO25: =+VLOOKUP($B25,Datos!$A$6:$BX$2600,74) -> 0 | AP25: =+VLOOKUP($B25,Datos!$A$6:$BX$2600,75) -> 0 | AQ25: =+SUM(AM25:AP25) -> 0
B26: =+TODAY()+8 -> 46132 | AG26: =+VLOOKUP($B26,Datos!$A$5:$AU$360,25) -> 11 | AH26: =+VLOOKUP($B26,Datos!$A$5:$AU$360,26) -> 21 | AI26: =+VLOOKUP($B26,Datos!$A$5:$AU$360,27) -> 16 | AJ26: =+VLOOKUP($B26,Datos!$A$5:$AU$3600,28) -> 1 | AK26: =+VLOOKUP($B26,Datos!$A$5:$AU$3600,29) -> 12 | AL26: =+VLOOKUP($B26,Datos!$A$5:$AU$3600,30) -> 6.5 | AM26: =+VLOOKUP($B26,Datos!$A$6:$BX$2600,72) -> 0 | AN26: =+VLOOKUP($B26,Datos!$A$6:$BX$2600,73) -> 0 | AO26: =+VLOOKUP($B26,Datos!$A$6:$BX$2600,74) -> 0 | AP26: =+VLOOKUP($B26,Datos!$A$6:$BX$2600,75) -> 0 | AQ26: =+SUM(AM26:AP26) -> 0
B27: =+TODAY()+9 -> 46133 | AG27: =+VLOOKUP($B27,Datos!$A$5:$AU$360,25) -> 11 | AH27: =+VLOOKUP($B27,Datos!$A$5:$AU$360,26) -> 21 | AI27: =+VLOOKUP($B27,Datos!$A$5:$AU$360,27) -> 16 | AJ27: =+VLOOKUP($B27,Datos!$A$5:$AU$3600,28) -> 1 | AK27: =+VLOOKUP($B27,Datos!$A$5:$AU$3600,29) -> 16 | AL27: =+VLOOKUP($B27,Datos!$A$5:$AU$3600,30) -> 8.5 | AM27: =+VLOOKUP($B27,Datos!$A$6:$BX$2600,72) -> 0 | AN27: =+VLOOKUP($B27,Datos!$A$6:$BX$2600,73) -> 0 | AO27: =+VLOOKUP($B27,Datos!$A$6:$BX$2600,74) -> 0 | AP27: =+VLOOKUP($B27,Datos!$A$6:$BX$2600,75) -> 0 | AQ27: =+SUM(AM27:AP27) -> 0
B28: =+TODAY()+10 -> 46134 | AG28: =+VLOOKUP($B28,Datos!$A$5:$AU$360,25) -> 11 | AH28: =+VLOOKUP($B28,Datos!$A$5:$AU$360,26) -> 21 | AI28: =+VLOOKUP($B28,Datos!$A$5:$AU$360,27) -> 16 | AJ28: =+VLOOKUP($B28,Datos!$A$5:$AU$3600,28) -> 3 | AK28: =+VLOOKUP($B28,Datos!$A$5:$AU$3600,29) -> 13 | AL28: =+VLOOKUP($B28,Datos!$A$5:$AU$3600,30) -> 8
B29: =+TODAY()+11 -> 46135 | AG29: =+VLOOKUP($B29,Datos!$A$5:$AU$360,25) -> 11 | AH29: =+VLOOKUP($B29,Datos!$A$5:$AU$360,26) -> 21 | AI29: =+VLOOKUP($B29,Datos!$A$5:$AU$360,27) -> 16 | AJ29: =+VLOOKUP($B29,Datos!$A$5:$AU$3600,28) -> 4 | AK29: =+VLOOKUP($B29,Datos!$A$5:$AU$3600,29) -> 18 | AL29: =+VLOOKUP($B29,Datos!$A$5:$AU$3600,30) -> 11
B30: =+B29+1 -> 46136
B31: =+B30+1 -> 46137
B32: =+B31+1 -> 46138
B33: =+B32+1 -> 46139
B34: =+B33+1 -> 46140

Sheet Valores Diarios
AA1: Tramos finales | AG1: BUENOS AIRES | AJ1: ESQUEL | AM1: CAMMESA
B2: FECHA | C2: Demanda Total DS | D2: Prioritaria | E2: Industria | F2: Usinas | G2: Exportaciones | H2: TGS | I2: TGN | J2: Iny. Enarsa | K2: GPM | L2: Bolivia | M2: ESCOBAR | N2: Iny. Total | O2: Linepack TGS | P2: Var. Linepack TGS | Q2: Límite Inf. | R2: Límite Sup. | S2: Linepack TGN | T2: Var. Linepack TGN | U2: Límite Inf. | V2: Límite Sup. | W2: Linepack Total | X2: Variación Total | Y2: Límite Inf. | Z2: Límite Sup. | AA2: TGS | AB2: Límite Inf. | AC2: Límite Sup. | AD2: TGN | AE2: Límite Inf. | AF2: Límite Sup. | AG2: Temp. Min | AH2: Temp. Max | AI2: Temp Promedio | AJ2: Temp. Min | AK2: Temp. Max | AL2: Temp Promedio | AM2: GAS | AN2: GAS OIL | AO2: FUEL OIL | AP2: CARBON | AQ2: TOTAL | AR2: NQN | AS2: NOA | AT2: SUR | AU2: ESCOBAR | AV2: GPM | AW2: Iny. Total
B3: =+TODAY()-2 -> 46122 | AR3: =+VLOOKUP($B3,Datos!$A$6:$CQ$2600,89)+VLOOKUP(B3,Datos!$A$6:$CQ$2600,94) -> 0 | AS3: =+VLOOKUP($B3,Datos!$A$6:$CQ$2600,90) -> 0 | AT3: =+VLOOKUP($B3,Datos!$A$6:$CQ$2600,95) -> 24.305 | AU3: =+VLOOKUP($B3,Datos!$A$6:$CQ$2600,91) -> 0 | AW3: =+SUM(AR3:AU3) -> 24.305
B4: =+TODAY()-1 -> 46123 | C4: =+VLOOKUP($B4,Datos!$A$5:$F$360,2) -> 124.2 | D4: =+VLOOKUP($B4,Datos!$A$5:$F$360,3) -> 27.8 | E4: =+VLOOKUP($B4,Datos!$A$5:$F$360,4) -> 38.2 | F4: =+VLOOKUP($B4,Datos!$A$5:$F$360,5) -> 35.1 | G4: =+VLOOKUP($B4,Datos!$A$5:$F$360,6) -> 10.8 | H4: =+VLOOKUP($B4,Datos!$A$5:$T$360,11) -> 71.3 | I4: =+VLOOKUP($B4,Datos!$A$5:$T$360,15) -> 33.3 | J4: =+VLOOKUP($B4,Datos!$A$5:$T$360,20) -> 20.3 | K4: =+VLOOKUP($B4,Datos!$A$5:$T$360,17) -> 20.3 | L4: =+VLOOKUP($B4,Datos!$A$5:$T$360,18) -> 0 | M4: =+VLOOKUP($B4,Datos!$A$5:$T$360,19) -> 0 | N4: =+SUM(H4:J4) -> 124.9 | O4: =+VLOOKUP($B4,Datos!$A$5:$AO$360,32) -> 229.32 | Q4: =+VLOOKUP($B4,Datos!$A$5:$AO$360,34) -> 215 | R4: =+VLOOKUP($B4,Datos!$A$5:$AO$360,35) -> 235 | S4: =+VLOOKUP($B4,Datos!$A$5:$AO$360,37) -> 130.55521 | U4: =+VLOOKUP($B4,Datos!$A$5:$AO$360,39) -> 110 | V4: =+VLOOKUP($B4,Datos!$A$5:$AO$360,40) -> 142 | W4: =+O4+S4 -> 359.87521 | Y4: =+Q4+U4 -> 325 | Z4: =+R4+V4 -> 377 | AA4: =+VLOOKUP($B4,Datos!$A$5:$AU$360,42) -> 0 | AB4: =+VLOOKUP($B4,Datos!$A$5:$AU$360,43) -> 0 | AC4: =+VLOOKUP($B4,Datos!$A$5:$AU$360,44) -> 0 | AD4: =+VLOOKUP($B4,Datos!$A$5:$AU$360,45) -> 0 | AE4: =+VLOOKUP($B4,Datos!$A$5:$AU$360,46) -> 0 | AF4: =+VLOOKUP($B4,Datos!$A$5:$AU$360,47) -> 0 | AG4: =+VLOOKUP($B4,Datos!$A$5:$AU$360,25) -> 11 | AH4: =+VLOOKUP($B4,Datos!$A$5:$AU$360,26) -> 21 | AI4: =+VLOOKUP($B4,Datos!$A$5:$AU$360,27) -> 16 | AJ4: =+VLOOKUP($B4,Datos!$A$5:$AU$360,28) -> 3 | AK4: =+VLOOKUP($B4,Datos!$A$5:$AU$360,29) -> 20 | AL4: =+VLOOKUP($B4,Datos!$A$5:$AU$360,30) -> 11.5 | AM4: =+VLOOKUP($B4,Datos!$A$6:$BX$860,72) -> 30.947 | AN4: =+VLOOKUP($B4,Datos!$A$6:$BX$860,73) -> 0.091928571 | AO4: =+VLOOKUP($B4,Datos!$A$6:$BX$860,74) -> 0 | AP4: =+VLOOKUP($B4,Datos!$A$6:$BX$860,75) -> 0 | AQ4: =+SUM(AM4:AP4) -> 31.038929 | AR4: =+VLOOKUP($B4,Datos!$A$6:$CQ$2600,89)+VLOOKUP(B4,Datos!$A$6:$CQ$2600,94) -> 0 | AS4: =+VLOOKUP($B4,Datos!$A$6:$CQ$2600,90) -> 0 | AT4: =+VLOOKUP($B4,Datos!$A$6:$CQ$2600,95) -> 25.346 | AU4: =+VLOOKUP($B4,Datos!$A$6:$CQ$2600,91) -> 0 | AV4: =+VLOOKUP($B4,Datos!$CC$6:$CS$4810,17)+VLOOKUP($B4,Datos!$CC$6:$CS$4810,16) -> 0 | AW4: =+SUM(AR4:AV4) -> 25.346
B5: =+TODAY() -> 46124 | C5: =+VLOOKUP($B5,Datos!$A$5:$F$360,2) -> 124.2 | D5: =+VLOOKUP($B5,Datos!$A$5:$F$360,3) -> 27.8 | E5: =+VLOOKUP($B5,Datos!$A$5:$F$360,4) -> 38.2 | F5: =+VLOOKUP($B5,Datos!$A$5:$F$360,5) -> 35.1 | G5: =+VLOOKUP($B5,Datos!$A$5:$F$360,6) -> 10.8 | H5: =+VLOOKUP($B5,Datos!$A$5:$T$360,11) -> 71.3 | I5: =+VLOOKUP($B5,Datos!$A$5:$T$360,15) -> 33.3 | J5: =+VLOOKUP($B5,Datos!$A$5:$T$360,20) -> 20.3 | K5: =+VLOOKUP($B5,Datos!$A$5:$T$360,17) -> 20.3 | L5: =+VLOOKUP($B5,Datos!$A$5:$T$360,18) -> 0 | M5: =+VLOOKUP($B5,Datos!$A$5:$T$360,19) -> 0 | N5: =+SUM(H5:J5) -> 124.9 | O5: =+VLOOKUP($B5,Datos!$A$5:$AO$360,32) -> 229.32 | Q5: =+VLOOKUP($B5,Datos!$A$5:$AO$360,34) -> 215 | R5: =+VLOOKUP($B5,Datos!$A$5:$AO$360,35) -> 235 | S5: =+VLOOKUP($B5,Datos!$A$5:$AO$360,37) -> 130.55521 | U5: =+VLOOKUP($B5,Datos!$A$5:$AO$360,39) -> 110 | V5: =+VLOOKUP($B5,Datos!$A$5:$AO$360,40) -> 142 | W5: =+O5+S5 -> 359.87521 | Y5: =+Q5+U5 -> 325 | Z5: =+R5+V5 -> 377 | AA5: =+VLOOKUP($B5,Datos!$A$5:$AU$360,42) -> 0 | AB5: =+VLOOKUP($B5,Datos!$A$5:$AU$360,43) -> 0 | AC5: =+VLOOKUP($B5,Datos!$A$5:$AU$360,44) -> 0 | AD5: =+VLOOKUP($B5,Datos!$A$5:$AU$360,45) -> 0 | AE5: =+VLOOKUP($B5,Datos!$A$5:$AU$360,46) -> 0 | AF5: =+VLOOKUP($B5,Datos!$A$5:$AU$360,47) -> 0 | AG5: =+VLOOKUP($B5,Datos!$A$5:$AU$360,25) -> 11 | AH5: =+VLOOKUP($B5,Datos!$A$5:$AU$360,26) -> 21 | AI5: =+VLOOKUP($B5,Datos!$A$5:$AU$360,27) -> 16 | AJ5: =+VLOOKUP($B5,Datos!$A$5:$AU$360,28) -> 3 | AK5: =+VLOOKUP($B5,Datos!$A$5:$AU$360,29) -> 20 | AL5: =+VLOOKUP($B5,Datos!$A$5:$AU$360,30) -> 11.5 | AM5: =+VLOOKUP($B5,Datos!$A$6:$BX$860,72) -> 32.189 | AN5: =+VLOOKUP($B5,Datos!$A$6:$BX$860,73) -> 0.037792857 | AO5: =+VLOOKUP($B5,Datos!$A$6:$BX$860,74) -> 0 | AP5: =+VLOOKUP($B5,Datos!$A$6:$BX$860,75) -> 0 | AQ5: =+SUM(AM5:AP5) -> 32.226793 | AR5: =+VLOOKUP($B5,Datos!$A$6:$T$6250,9)+VLOOKUP($B5,Datos!$A$6:$T$6250,10)+VLOOKUP($B5,Datos!$A$6:$T$6250,14) -> 78.2 | AS5: =+VLOOKUP($B5,Datos!$A$6:$T$6250,13) -> 1.8 | AT5: =+VLOOKUP($B5,Datos!$A$6:$T$6250,8) -> 25.7 | AU5: =+VLOOKUP($B5,Datos!$A$6:$T$6250,19) -> 0 | AV5: =+VLOOKUP($B5,Datos!$CC$6:$CS$4810,17)+VLOOKUP($B5,Datos!$CC$6:$CS$4810,16) -> 0 | AW5: =+SUM(AR5:AV5) -> 105.7
B6: =+B5+1 -> 46125 | C6: =+VLOOKUP($B6,Datos!$A$5:$F$360,2) -> 124.2 | D6: =+VLOOKUP($B6,Datos!$A$5:$F$360,3) -> 27.8 | E6: =+VLOOKUP($B6,Datos!$A$5:$F$360,4) -> 38.2 | F6: =+VLOOKUP($B6,Datos!$A$5:$F$360,5) -> 35.1 | G6: =+VLOOKUP($B6,Datos!$A$5:$F$360,6) -> 10.8 | H6: =+VLOOKUP($B6,Datos!$A$5:$T$360,11) -> 71.3 | I6: =+VLOOKUP($B6,Datos!$A$5:$T$360,15) -> 33.3 | J6: =+VLOOKUP($B6,Datos!$A$5:$T$360,20) -> 20.3 | K6: =+VLOOKUP($B6,Datos!$A$5:$T$360,17) -> 20.3 | L6: =+VLOOKUP($B6,Datos!$A$5:$T$360,18) -> 0 | M6: =+VLOOKUP($B6,Datos!$A$5:$T$360,19) -> 0 | N6: =+SUM(H6:J6) -> 124.9 | O6: =+VLOOKUP($B6,Datos!$A$5:$AO$360,32) -> 229.32 | Q6: =+VLOOKUP($B6,Datos!$A$5:$AO$360,34) -> 215 | R6: =+VLOOKUP($B6,Datos!$A$5:$AO$360,35) -> 235 | S6: =+VLOOKUP($B6,Datos!$A$5:$AO$360,37) -> 130.55521 | U6: =+VLOOKUP($B6,Datos!$A$5:$AO$360,39) -> 110 | V6: =+VLOOKUP($B6,Datos!$A$5:$AO$360,40) -> 142 | W6: =+O6+S6 -> 359.87521 | Y6: =+Q6+U6 -> 325 | Z6: =+R6+V6 -> 377 | AA6: =+VLOOKUP($B6,Datos!$A$5:$AU$360,42) -> 0 | AB6: =+VLOOKUP($B6,Datos!$A$5:$AU$360,43) -> 0 | AC6: =+VLOOKUP($B6,Datos!$A$5:$AU$360,44) -> 0 | AD6: =+VLOOKUP($B6,Datos!$A$5:$AU$360,45) -> 0 | AE6: =+VLOOKUP($B6,Datos!$A$5:$AU$360,46) -> 0 | AF6: =+VLOOKUP($B6,Datos!$A$5:$AU$360,47) -> 0 | AG6: =+VLOOKUP($B6,Datos!$A$5:$AU$360,25) -> 11 | AH6: =+VLOOKUP($B6,Datos!$A$5:$AU$360,26) -> 21 | AI6: =+VLOOKUP($B6,Datos!$A$5:$AU$360,27) -> 16 | AJ6: =+VLOOKUP($B6,Datos!$A$5:$AU$360,28) -> 3 | AK6: =+VLOOKUP($B6,Datos!$A$5:$AU$360,29) -> 20 | AL6: =+VLOOKUP($B6,Datos!$A$5:$AU$360,30) -> 11.5 | AM6: =+VLOOKUP($B6,Datos!$A$6:$BX$860,72) -> 40.335 | AN6: =+VLOOKUP($B6,Datos!$A$6:$BX$860,73) -> 0.10929286 | AO6: =+VLOOKUP($B6,Datos!$A$6:$BX$860,74) -> 0 | AP6: =+VLOOKUP($B6,Datos!$A$6:$BX$860,75) -> 0 | AQ6: =+SUM(AM6:AP6) -> 40.444293 | AR6: =+VLOOKUP($B6,Datos!$A$6:$T$6250,9)+VLOOKUP($B6,Datos!$A$6:$T$6250,10)+VLOOKUP($B6,Datos!$A$6:$T$6250,14) -> 71.2 | AS6: =+VLOOKUP($B6,Datos!$A$6:$T$6250,13) -> 1.8 | AT6: =+VLOOKUP($B6,Datos!$A$6:$T$6250,8) -> 21.7 | AU6: =+VLOOKUP($B6,Datos!$A$6:$T$6250,19) -> 0 | AV6: =+VLOOKUP($B6,Datos!$CC$6:$CS$4810,17)+VLOOKUP($B6,Datos!$CC$6:$CS$4810,16) -> 0 | AW6: =+SUM(AR6:AV6) -> 94.7
B7: =+TODAY()+2 -> 46126 | C7: =+VLOOKUP($B7,Datos!$A$5:$F$360,2) -> 124.2 | D7: =+VLOOKUP($B7,Datos!$A$5:$F$360,3) -> 27.8 | E7: =+VLOOKUP($B7,Datos!$A$5:$F$360,4) -> 38.2 | F7: =+VLOOKUP($B7,Datos!$A$5:$F$360,5) -> 35.1 | G7: =+VLOOKUP($B7,Datos!$A$5:$F$360,6) -> 10.8 | H7: =+VLOOKUP($B7,Datos!$A$5:$T$360,11) -> 71.3 | I7: =+VLOOKUP($B7,Datos!$A$5:$T$360,15) -> 33.3 | J7: =+VLOOKUP($B7,Datos!$A$5:$T$360,20) -> 20.3 | K7: =+VLOOKUP($B7,Datos!$A$5:$T$360,17) -> 20.3 | L7: =+VLOOKUP($B7,Datos!$A$5:$T$360,18) -> 0 | M7: =+VLOOKUP($B7,Datos!$A$5:$T$360,19) -> 0 | N7: =+SUM(H7:J7) -> 124.9 | O7: =+VLOOKUP($B7,Datos!$A$5:$AO$360,32) -> 229.32 | Q7: =+VLOOKUP($B7,Datos!$A$5:$AO$360,34) -> 215 | R7: =+VLOOKUP($B7,Datos!$A$5:$AO$360,35) -> 235 | S7: =+VLOOKUP($B7,Datos!$A$5:$AO$360,37) -> 130.55521 | U7: =+VLOOKUP($B7,Datos!$A$5:$AO$360,39) -> 110 | V7: =+VLOOKUP($B7,Datos!$A$5:$AO$360,40) -> 142 | W7: =+O7+S7 -> 359.87521 | Y7: =+Q7+U7 -> 325 | Z7: =+R7+V7 -> 377 | AA7: =+VLOOKUP($B7,Datos!$A$5:$AU$360,42) -> 0 | AB7: =+VLOOKUP($B7,Datos!$A$5:$AU$360,43) -> 0 | AC7: =+VLOOKUP($B7,Datos!$A$5:$AU$360,44) -> 0 | AD7: =+VLOOKUP($B7,Datos!$A$5:$AU$360,45) -> 0 | AE7: =+VLOOKUP($B7,Datos!$A$5:$AU$360,46) -> 0 | AF7: =+VLOOKUP($B7,Datos!$A$5:$AU$360,47) -> 0 | AG7: =+VLOOKUP($B7,Datos!$A$5:$AU$360,25) -> 11 | AH7: =+VLOOKUP($B7,Datos!$A$5:$AU$360,26) -> 21 | AI7: =+VLOOKUP($B7,Datos!$A$5:$AU$360,27) -> 16 | AJ7: =+VLOOKUP($B7,Datos!$A$5:$AU$360,28) -> 3 | AK7: =+VLOOKUP($B7,Datos!$A$5:$AU$360,29) -> 20 | AL7: =+VLOOKUP($B7,Datos!$A$5:$AU$360,30) -> 11.5 | AM7: =+VLOOKUP($B7,Datos!$A$6:$BX$860,72) -> 40.591 | AN7: =+VLOOKUP($B7,Datos!$A$6:$BX$860,73) -> 0.10725 | AO7: =+VLOOKUP($B7,Datos!$A$6:$BX$860,74) -> 0 | AP7: =+VLOOKUP($B7,Datos!$A$6:$BX$860,75) -> 0 | AQ7: =+SUM(AM7:AP7) -> 40.69825 | AR7: =+VLOOKUP($B7,Datos!$A$6:$T$6250,9)+VLOOKUP($B7,Datos!$A$6:$T$6250,10)+VLOOKUP($B7,Datos!$A$6:$T$6250,14) -> 71.2 | AS7: =+VLOOKUP($B7,Datos!$A$6:$T$6250,13) -> 1.8 | AT7: =+VLOOKUP($B7,Datos!$A$6:$T$6250,8) -> 21.7 | AU7: =+VLOOKUP($B7,Datos!$A$6:$T$6250,19) -> 0 | AV7: =+VLOOKUP($B7,Datos!$CC$6:$CS$4810,17)+VLOOKUP($B7,Datos!$CC$6:$CS$4810,16) -> 0 | AW7: =+SUM(AR7:AV7) -> 94.7

Sheet Hoja1
R2: Fecha | S2: T Promedio | T2: Dem. Prior | U2: Δ Temperatura | V2: Δ Dem. Prior. | W2: ΔT/ΔDem Prio | AE2: Semana | AF2: T Promedio | AG2: Dem. Prior | AH2: Δ Temperatura | AI2: Δ Dem. Prior. | AJ2: ΔT/ΔDem Prio
A3: Fecha | B3: 45822 | C3: 45823 | D3: 45824 | E3: 45825 | F3: 45826 | G3: 45827 | H3: 45828 | I3: 45829 | J3: 45830 | K3: 45831 | M3: FECHA | N3: T °C | O3: Dem. Prior. [MMm3] | R3: 45808 | S3: =+VLOOKUP(R3,Datos!$A$5:$AU$260,27) -> 10.5 | T3: =+VLOOKUP(R3,Datos!$A$5:$AU$260,3) -> 66.1 | AF3: 12.43 | AG3: 62.314
A4: Iny. Bolivia [MMm3] | B4: 0.7 | C4: 0.8 | D4: 0.9 | E4: 2.9 | F4: 4 | G4: 1.5 | H4: 1.1 | I4: 1.1 | J4: 1.1 | K4: 1.1 | M4: =+TODAY()-1 -> 46123 | N4: =+'Conv. valores'!AI17 -> 19 | O4: =+'Conv. valores'!D17 -> 25.9 | R4: =+R3+1 -> 45809 | S4: =+VLOOKUP(R4,Datos!$A$5:$AU$260,27) -> 11 | T4: =+VLOOKUP(R4,Datos!$A$5:$AU$260,3) -> 64.4 | U4: =+S4-S3 -> 0.5 | V4: =+T4-T3 -> -1.7 | W4: =+U4/V4 -> -0.29411765 | AE4: 1 | AF4: =+AVERAGE($S$4:$S$10) -> 12.557143 | AG4: =+AVERAGE($T$4:$T$10) -> 63.442857 | AH4: =+AF4-AF3 -> 0.12714286 | AI4: =+AG4-AG3 -> 1.1288571 | AJ4: =+AH4/AI4 -> 0.11262971
A5: Iny. GNL Escobar [MMm3] | B5: 14.971142 | C5: 17.899303 | D5: 17.83518 | E5: 18.12694 | F5: 20.074158 | G5: 19.85852 | H5: 19.00926 | I5: 17 | J5: 17 | K5: 18 | M5: =+TODAY() -> 46124 | N5: =+'Conv. valores'!AI18 -> 21 | O5: =+'Conv. valores'!D18 -> 23.392857 | R5: =+R4+1 -> 45810 | S5: =+VLOOKUP(R5,Datos!$A$5:$AU$260,27) -> 13 | T5: =+VLOOKUP(R5,Datos!$A$5:$AU$260,3) -> 65.7 | U5: =+S5-S4 -> 2 | V5: =+T5-T4 -> 1.3 | W5: =+U5/V5 -> 1.5384615 | AE5: 2 | AF5: =+AVERAGE($S$11:$S$17) -> 11.614286 | AG5: =+AVERAGE($T$11:$T$17) -> 68.628571 | AH5: =+AF5-AF4 -> -0.94285714 | AI5: =+AG5-AG4 -> 5.1857143 | AJ5: =+AH5/AI5 -> -0.18181818
A6: Iny. GPM [MMm3] | B6: 19.3 | C6: 20 | D6: 19.5 | E6: 21.6 | F6: 23.2 | G6: 23.5 | H6: 21.9 | I6: 21.9 | J6: 21.9 | K6: 21.9 | M6: Δ (Delta) | N6: =+N5-N4 -> 2 | O6: =+O5-O4 -> -2.5071429 | R6: =+R5+1 -> 45811 | S6: =+VLOOKUP(R6,Datos!$A$5:$AU$260,27) -> 13 | T6: =+VLOOKUP(R6,Datos!$A$5:$AU$260,3) -> 62.5 | U6: =+S6-S5 -> 0 | V6: =+T6-T5 -> -3.2 | W6: =+U6/V6 -> 0 | AE6: 3 | AF6: =+AVERAGE($S$18:$S$24) -> 11.857143 | AG6: =+AVERAGE($T$18:$T$24) -> 70.728571 | AH6: =+AF6-AF5 -> 0.24285714 | AI6: =+AG6-AG5 -> 2.1 | AJ6: =+AH6/AI6 -> 0.11564626
A7: Inyeccion Total [MMm3] | B7: =+SUM(B4:B6) -> 34.971142 | C7: =+SUM(C4:C6) -> 38.699303 | D7: =+SUM(D4:D6) -> 38.23518 | E7: =+SUM(E4:E6) -> 42.62694 | F7: =+SUM(F4:F6) -> 47.274158 | G7: =+SUM(G4:G6) -> 44.85852 | H7: =+SUM(H4:H6) -> 42.00926 | I7: =+SUM(I4:I6) -> 40 | ... K7: =+SUM(K4:K6) -> 41 | M7: ΔT/ΔDem Prio | N7: =+N6/O6 -> -0.7977208 | R7: =+R6+1 -> 45812 | S7: =+VLOOKUP(R7,Datos!$A$5:$AU$260,27) -> 13.5 | T7: =+VLOOKUP(R7,Datos!$A$5:$AU$260,3) -> 60.8 | U7: =+S7-S6 -> 0.5 | V7: =+T7-T6 -> -1.7 | W7: =+U7/V7 -> -0.29411765 | AE7: 4 | AF7: =+AVERAGE($S$25:$S$31) -> 9.6571429 | AG7: =+AVERAGE($T$25:$T$31) -> 81.557143 | AH7: =+AF7-AF6 -> -2.2 | AI7: =+AG7-AG6 -> 10.828571 | AJ7: =+AH7/AI7 -> -0.20316623
R8: =+R7+1 -> 45813 | S8: =+VLOOKUP(R8,Datos!$A$5:$AU$260,27) -> 11.5 | T8: =+VLOOKUP(R8,Datos!$A$5:$AU$260,3) -> 64.2 | U8: =+S8-S7 -> -2 | V8: =+T8-T7 -> 3.4 | W8: =+U8/V8 -> -0.58823529 | AE8: 5 | AF8: =+AVERAGE($S$32:$S$38) -> 6.7857143 | AG8: =+AVERAGE($T$32:$T$38) -> 90.885714 | AH8: =+AF8-AF7 -> -2.8714286 | AI8: =+AG8-AG7 -> 9.3285714 | AJ8: =+AH8/AI8 -> -0.30781011
R9: =+R8+1 -> 45814 | S9: =+VLOOKUP(R9,Datos!$A$5:$AU$260,27) -> 13 | T9: =+VLOOKUP(R9,Datos!$A$5:$AU$260,3) -> 63.2 | U9: =+S9-S8 -> 1.5 | V9: =+T9-T8 -> -1 | W9: =+U9/V9 -> -1.5 | AE9: 6
M10: FECHA | N10: T °C | O10: Dem. Prior. [MMm3] | R10: =+R9+1 -> 45815 | S10: 12.9 | T10: =+VLOOKUP(R10,Datos!$A$5:$AU$260,3) -> 63.3 | U10: =+S10-S9 -> -0.1 | V10: =+T10-T9 -> 0.1 | W10: =+U10/V10 -> -1 | AE10: 7
M11: Semana N-1 | N11: =+AVERAGE('Conv. valores'!AI5:AI11) -> 19.571429 | O11: =+AVERAGE('Conv. valores'!D5:D11) -> 22.514286 | R11: =+R10+1 -> 45816 | S11: =+VLOOKUP(R11,Datos!$A$5:$AU$260,27) -> 11.5 | T11: =+VLOOKUP(R11,Datos!$A$5:$AU$260,3) -> 64.4 | U11: =+S11-S10 -> -1.4 | V11: =+T11-T10 -> 1.1 | W11: =+U11/V11 -> -1.2727273 | AE11: 8
M12: Semana N | N12: =+AVERAGE('Conv. valores'!AI12:AI18) -> 17.571429 | O12: =+AVERAGE('Conv. valores'!D12:D18) -> 25.313265 | R12: =+R11+1 -> 45817 | S12: =+VLOOKUP(R12,Datos!$A$5:$AU$260,27) -> 9.5 | T12: =+VLOOKUP(R12,Datos!$A$5:$AU$260,3) -> 69.9 | U12: =+S12-S11 -> -2 | V12: =+T12-T11 -> 5.5 | W12: =+U12/V12 -> -0.36363636 | AE12: 9
M13: Δ (Delta) | N13: =+N12-N11 -> -2 | O13: =+O12-O11 -> 2.7989796 | R13: =+R12+1 -> 45818 | S13: =+VLOOKUP(R13,Datos!$A$5:$AU$260,27) -> 10.5 | T13: =+VLOOKUP(R13,Datos!$A$5:$AU$260,3) -> 69.1 | U13: =+S13-S12 -> 1 | V13: =+T13-T12 -> -0.8 | W13: =+U13/V13 -> -1.25 | AE13: 10
M14: ΔT/ΔDem Prio | N14: =+N13/O13 -> -0.71454612 | R14: =+R13+1 -> 45819 | S14: =+VLOOKUP(R14,Datos!$A$5:$AU$260,27) -> 12.5 | T14: =+VLOOKUP(R14,Datos!$A$5:$AU$260,3) -> 68 | U14: =+S14-S13 -> 2 | V14: =+T14-T13 -> -1.1 | W14: =+U14/V14 -> -1.8181818 | AE14: 11
R15: =+R14+1 -> 45820 | S15: =+VLOOKUP(R15,Datos!$A$5:$AU$260,27) -> 13.5 | T15: =+VLOOKUP(R15,Datos!$A$5:$AU$260,3) -> 69.6 | U15: =+S15-S14 -> 1 | V15: =+T15-T14 -> 1.6 | W15: =+U15/V15 -> 0.625
R16: =+R15+1 -> 45821 | S16: 13.3 | T16: =+VLOOKUP(R16,Datos!$A$5:$AU$260,3) -> 69.3 | U16: =+S16-S15 -> -0.2 | V16: =+T16-T15 -> -0.3 | W16: =+U16/V16 -> 0.66666667
R17: =+R16+1 -> 45822 | S17: =+VLOOKUP(R17,Datos!$A$5:$AU$260,27) -> 10.5 | T17: =+VLOOKUP(R17,Datos!$A$5:$AU$260,3) -> 70.1 | U17: =+S17-S16 -> -2.8 | V17: =+T17-T16 -> 0.8
R18: =+R17+1 -> 45823 | S18: =+VLOOKUP(R18,Datos!$A$5:$AU$260,27) -> 9 | T18: =+VLOOKUP(R18,Datos!$A$5:$AU$260,3) -> 67.9 | U18: =+S18-S17 -> -1.5 | V18: =+T18-T17 -> -2.2 | W18: =+U18/V18 -> 0.68181818
R19: =+R18+1 -> 45824 | S19: =+VLOOKUP(R19,Datos!$A$5:$AU$260,27) -> 11 | T19: =+VLOOKUP(R19,Datos!$A$5:$AU$260,3) -> 68.2 | U19: =+S19-S18 -> 2 | V19: =+T19-T18 -> 0.3
R20: =+R19+1 -> 45825 | S20: =+VLOOKUP(R20,Datos!$A$5:$AU$260,27) -> 14.5 | T20: =+VLOOKUP(R20,Datos!$A$5:$AU$260,3) -> 73.6 | U20: =+S20-S19 -> 3.5 | V20: =+T20-T19 -> 5.4 | W20: =+U20/V20 -> 0.64814815
R21: =+R20+1 -> 45826 | S21: =+VLOOKUP(R21,Datos!$A$5:$AU$260,27) -> 12 | T21: =+VLOOKUP(R21,Datos!$A$5:$AU$260,3) -> 75.9 | U21: =+S21-S20 -> -2.5 | V21: =+T21-T20 -> 2.3 | W21: =+U21/V21 -> -1.0869565
R22: =+R21+1 -> 45827 | S22: =+VLOOKUP(R22,Datos!$A$5:$AU$260,27) -> 11 | T22: =+VLOOKUP(R22,Datos!$A$5:$AU$260,3) -> 72.9 | U22: =+S22-S21 -> -1 | V22: =+T22-T21 -> -3 | W22: =+U22/V22 -> 0.33333333
R23: =+R22+1 -> 45828 | S23: =+VLOOKUP(R23,Datos!$A$5:$AU$260,27) -> 13 | T23: =+VLOOKUP(R23,Datos!$A$5:$AU$260,3) -> 68.4 | U23: =+S23-S22 -> 2 | V23: =+T23-T22 -> -4.5 | W23: =+U23/V23 -> -0.44444444
R24: =+R23+1 -> 45829 | S24: =+VLOOKUP(R24,Datos!$A$5:$AU$260,27) -> 12.5 | T24: =+VLOOKUP(R24,Datos!$A$5:$AU$260,3) -> 68.2 | U24: =+S24-S23 -> -0.5 | V24: =+T24-T23 -> -0.2
R25: =+R24+1 -> 45830 | S25: =+VLOOKUP(R25,Datos!$A$5:$AU$260,27) -> 10.5 | T25: =+VLOOKUP(R25,Datos!$A$5:$AU$260,3) -> 71.4 | U25: =+S25-S24 -> -2 | V25: =+T25-T24 -> 3.2 | W25: =+U25/V25 -> -0.625
R26: =+R25+1 -> 45831 | S26: =+VLOOKUP(R26,Datos!$A$5:$AU$260,27) -> 6 | T26: =+VLOOKUP(R26,Datos!$A$5:$AU$260,3) -> 85.8 | U26: =+S26-S25 -> -4.5 | V26: =+T26-T25 -> 14.4 | W26: =+U26/V26 -> -0.3125
R27: =+R26+1 -> 45832 | S27: =+VLOOKUP(R27,Datos!$A$5:$AU$260,27) -> 8.5 | T27: =+VLOOKUP(R27,Datos!$A$5:$AU$260,3) -> 82.5 | U27: =+S27-S26 -> 2.5 | V27: =+T27-T26 -> -3.3 | W27: =+U27/V27 -> -0.75757576
R28: =+R27+1 -> 45833 | S28: =+VLOOKUP(R28,Datos!$A$5:$AU$260,27) -> 10.5 | T28: =+VLOOKUP(R28,Datos!$A$5:$AU$260,3) -> 82.3 | U28: =+S28-S27 -> 2 | V28: =+T28-T27 -> -0.2
R29: =+R28+1 -> 45834 | S29: =+VLOOKUP(R29,Datos!$A$5:$AU$260,27) -> 10 | T29: =+VLOOKUP(R29,Datos!$A$5:$AU$260,3) -> 82.9 | U29: =+S29-S28 -> -0.5 | V29: =+T29-T28 -> 0.6 | W29: =+U29/V29 -> -0.83333333
R30: =+R29+1 -> 45835 | S30: =+VLOOKUP(R30,Datos!$A$5:$AU$260,27) -> 11.5 | T30: =+VLOOKUP(R30,Datos!$A$5:$AU$260,3) -> 82.7 | U30: =+S30-S29 -> 1.5 | V30: =+T30-T29 -> -0.2
R31: =+R30+1 -> 45836 | S31: 10.6 | T31: =+VLOOKUP(R31,Datos!$A$5:$AU$260,3) -> 83.3 | U31: =+S31-S30 -> -0.9 | V31: =+T31-T30 -> 0.6 | W31: =+U31/V31 -> -1.5
R32: =+R31+1 -> 45837 | S32: =+VLOOKUP(R32,Datos!$A$5:$AU$260,27) -> 6.5 | T32: =+VLOOKUP(R32,Datos!$A$5:$AU$260,3) -> 89.1 | U32: =+S32-S31 -> -4.1 | V32: =+T32-T31 -> 5.8 | W32: =+U32/V32 -> -0.70689655
R33: =+R32+1 -> 45838 | S33: =+VLOOKUP(R33,Datos!$A$5:$AU$260,27) -> 3 | T33: =+VLOOKUP(R33,Datos!$A$5:$AU$260,3) -> 98.4 | U33: =+S33-S32 -> -3.5 | V33: =+T33-T32 -> 9.3 | W33: =+U33/V33 -> -0.37634409
R34: =+R33+1 -> 45839 | S34: =+VLOOKUP(R34,Datos!$A$5:$AU$260,27) -> 4.5 | T34: =+VLOOKUP(R34,Datos!$A$5:$AU$260,3) -> 96.9 | U34: =+S34-S33 -> 1.5 | V34: =+T34-T33 -> -1.5 | W34: =+U34/V34 -> -1
R35: =+R34+1 -> 45840 | S35: =+VLOOKUP(R35,Datos!$A$5:$AU$260,27) -> 6 | T35: =+VLOOKUP(R35,Datos!$A$5:$AU$260,3) -> 95.9 | U35: =+S35-S34 -> 1.5 | V35: =+T35-T34 -> -1 | W35: =+U35/V35 -> -1.5
R36: =+R35+1 -> 45841 | S36: =+VLOOKUP(R36,Datos!$A$5:$AU$260,27) -> 7.5 | T36: =+VLOOKUP(R36,Datos!$A$5:$AU$260,3) -> 92.7 | U36: =+S36-S35 -> 1.5 | V36: =+T36-T35 -> -3.2 | W36: =+U36/V36 -> -0.46875
R37: =+R36+1 -> 45842 | S37: =+VLOOKUP(R37,Datos!$A$5:$AU$260,27) -> 10 | T37: =+VLOOKUP(R37,Datos!$A$5:$AU$260,3) -> 84.6 | U37: =+S37-S36 -> 2.5 | V37: =+T37-T36 -> -8.1 | W37: =+U37/V37 -> -0.30864198
R38: =+R37+1 -> 45843 | S38: =+VLOOKUP(R38,Datos!$A$5:$AU$260,27) -> 10 | T38: =+VLOOKUP(R38,Datos!$A$5:$AU$260,3) -> 78.6 | U38: =+S38-S37 -> 0 | V38: =+T38-T37 -> -6 | W38: =+U38/V38 -> 0
R39: =+R38+1 -> 45844 | S39: =+VLOOKUP(R39,Datos!$A$5:$AU$260,27) -> 12 | T39: =+VLOOKUP(R39,Datos!$A$5:$AU$260,3) -> 70.7 | U39: =+S39-S38 -> 2 | V39: =+T39-T38 -> -7.9 | W39: =+U39/V39 -> -0.25316456
R40: =+R39+1 -> 45845 | S40: =+VLOOKUP(R40,Datos!$A$5:$AU$260,27) -> 12 | T40: =+VLOOKUP(R40,Datos!$A$5:$AU$260,3) -> 69.6 | U40: =+S40-S39 -> 0 | V40: =+T40-T39 -> -1.1 | W40: =+U40/V40 -> 0
R41: =+R40+1 -> 45846 | S41: 11.95 | T41: =+VLOOKUP(R41,Datos!$A$5:$AU$260,3) -> 69.4 | U41: =+S41-S40 -> -0.05 | V41: =+T41-T40 -> -0.2 | W41: =+U41/V41 -> 0.25
R42: =+R41+1 -> 45847 | S42: =+VLOOKUP(R42,Datos!$A$5:$AU$260,27) -> 14.5 | T42: =+VLOOKUP(R42,Datos!$A$5:$AU$260,3) -> 62.6 | U42: =+S42-S41 -> 2.55 | V42: =+T42-T41 -> -6.8 | W42: =+U42/V42 -> -0.375
R43: =+R42+1 -> 45848 | S43: =+VLOOKUP(R43,Datos!$A$5:$AU$260,27) -> 13.5 | T43: =+VLOOKUP(R43,Datos!$A$5:$AU$260,3) -> 69 | U43: =+S43-S42 -> -1 | V43: =+T43-T42 -> 6.4 | W43: =+U43/V43 -> -0.15625
R44: =+R43+1 -> 45849 | S44: =+VLOOKUP(R44,Datos!$A$5:$AU$260,27) -> 14 | T44: =+VLOOKUP(R44,Datos!$A$5:$AU$260,3) -> 67.3 | U44: =+S44-S43 -> 0.5 | V44: =+T44-T43 -> -1.7 | W44: =+U44/V44 -> -0.29411765
R45: =+R44+1 -> 45850 | S45: =+VLOOKUP(R45,Datos!$A$5:$AU$260,27) -> 15 | T45: =+VLOOKUP(R45,Datos!$A$5:$AU$260,3) -> 65 | U45: =+S45-S44 -> 1 | V45: =+T45-T44 -> -2.3 | W45: =+U45/V45 -> -0.43478261
R46: =+R45+1 -> 45851 | S46: =+VLOOKUP(R46,Datos!$A$5:$AU$260,27) -> 14.5 | T46: =+VLOOKUP(R46,Datos!$A$5:$AU$260,3) -> 60.7 | U46: =+S46-S45 -> -0.5 | V46: =+T46-T45 -> -4.3 | W46: =+U46/V46 -> 0.11627907
R47: =+R46+1 -> 45852 | S47: =+VLOOKUP(R47,Datos!$A$5:$AU$260,27) -> 14 | T47: =+VLOOKUP(R47,Datos!$A$5:$AU$260,3) -> 63.4 | U47: =+S47-S46 -> -0.5 | V47: =+T47-T46 -> 2.7 | W47: =+U47/V47 -> -0.18518519
R48: =+R47+1 -> 45853 | S48: =+VLOOKUP(R48,Datos!$A$5:$AU$260,27) -> 15.5 | T48: =+VLOOKUP(R48,Datos!$A$5:$AU$260,3) -> 58.6 | U48: =+S48-S47 -> 1.5 | V48: =+T48-T47 -> -4.8 | W48: =+U48/V48 -> -0.3125
R49: =+R48+1 -> 45854 | S49: =+VLOOKUP(R49,Datos!$A$5:$AU$260,27) -> 12.5 | T49: =+VLOOKUP(R49,Datos!$A$5:$AU$260,3) -> 68.2 | U49: =+S49-S48 -> -3 | V49: =+T49-T48 -> 9.6 | W49: =+U49/V49 -> -0.3125
R50: =+R49+1 -> 45855 | S50: =+VLOOKUP(R50,Datos!$A$5:$AU$260,27) -> 10 | T50: =+VLOOKUP(R50,Datos!$A$5:$AU$260,3) -> 74.2 | U50: =+S50-S49 -> -2.5 | V50: =+T50-T49 -> 6 | W50: =+U50/V50 -> -0.41666667
R51: =+R50+1 -> 45856 | S51: =+VLOOKUP(R51,Datos!$A$5:$AU$260,27) -> 10.5 | T51: =+VLOOKUP(R51,Datos!$A$5:$AU$260,3) -> 69.7 | U51: =+S51-S50 -> 0.5 | V51: =+T51-T50 -> -4.5 | W51: =+U51/V51 -> -0.11111111
R52: =+R51+1 -> 45857 | S52: =+VLOOKUP(R52,Datos!$A$5:$AU$260,27) -> 12 | T52: =+VLOOKUP(R52,Datos!$A$5:$AU$260,3) -> 63.7 | U52: =+S52-S51 -> 1.5 | V52: =+T52-T51 -> -6 | W52: =+U52/V52 -> -0.25
R53: =+R52+1 -> 45858 | S53: =+VLOOKUP(R53,Datos!$A$5:$AU$260,27) -> 12 | T53: =+VLOOKUP(R53,Datos!$A$5:$AU$260,3) -> 59.8 | U53: =+S53-S52 -> 0 | V53: =+T53-T52 -> -3.9 | W53: =+U53/V53 -> 0
... R59: =+R58+1 -> 45864 | S59: =+VLOOKUP(R59,Datos!$A$5:$AU$260,27) -> 8 | T59: =+VLOOKUP(R59,Datos!$A$5:$AU$260,3) -> 78.8 | U59: =+S59-S58 -> -3 | V59: =+T59-T58 -> 4.2 | W59: =+U59/V59 -> -0.71428571
R60: =+R59+1 -> 45865 | S60: =+VLOOKUP(R60,Datos!$A$5:$AU$260,27) -> 10 | T60: =+VLOOKUP(R60,Datos!$A$5:$AU$260,3) -> 78.9 | U60: =+S60-S59 -> 2 | V60: =+T60-T59 -> 0.1
R61: =+R60+1 -> 45866 | S61: =+VLOOKUP(R61,Datos!$A$5:$AU$260,27) -> 10 | T61: =+VLOOKUP(R61,Datos!$A$5:$AU$260,3) -> 78.3 | U61: =+S61-S60 -> 0 | V61: =+T61-T60 -> -0.6 | W61: =+U61/V61 -> 0
R62: =+R61+1 -> 45867 | S62: =+VLOOKUP(R62,Datos!$A$5:$AU$260,27) -> 10.5 | T62: =+VLOOKUP(R62,Datos!$A$5:$AU$260,3) -> 75.4 | U62: =+S62-S61 -> 0.5 | V62: =+T62-T61 -> -2.9 | W62: =+U62/V62 -> -0.17241379
R63: =+R62+1 -> 45868 | S63: =+VLOOKUP(R63,Datos!$A$5:$AU$260,27) -> 12.5 | T63: =+VLOOKUP(R63,Datos!$A$5:$AU$260,3) -> 69.4 | U63: =+S63-S62 -> 2 | V63: =+T63-T62 -> -6 | W63: =+U63/V63 -> -0.33333333
R64: =+R63+1 -> 45869 | S64: =+VLOOKUP(R64,Datos!$A$5:$AU$260,27) -> 14.5 | T64: =+VLOOKUP(R64,Datos!$A$5:$AU$260,3) -> 62.6 | U64: =+S64-S63 -> 2 | V64: =+T64-T63 -> -6.8 | W64: =+U64/V64 -> -0.29411765
R65: =+R64+1 -> 45870 | S65: =+VLOOKUP(R65,Datos!$A$5:$AU$260,27) -> 17.5 | T65: =+VLOOKUP(R65,Datos!$A$5:$AU$260,3) -> 61.2 | U65: =+S65-S64 -> 3 | V65: =+T65-T64 -> -1.4 | W65: =+U65/V65 -> -2.1428571
R66: =+R65+1 -> 45871 | S66: =+VLOOKUP(R66,Datos!$A$5:$AU$260,27) -> 15 | T66: =+VLOOKUP(R66,Datos!$A$5:$AU$260,3) -> 57.3 | U66: =+S66-S65 -> -2.5 | V66: =+T66-T65 -> -3.9 | W66: =+U66/V66 -> 0.64102564
R67: =+R66+1 -> 45872 | S67: =+VLOOKUP(R67,Datos!$A$5:$AU$260,27) -> 12 | T67: =+VLOOKUP(R67,Datos!$A$5:$AU$260,3) -> 61.4 | U67: =+S67-S66 -> -3 | V67: =+T67-T66 -> 4.1 | W67: =+U67/V67 -> -0.73170732
R68: =+R67+1 -> 45873 | S68: =+VLOOKUP(R68,Datos!$A$5:$AU$260,27) -> 10.5 | T68: =+VLOOKUP(R68,Datos!$A$5:$AU$260,3) -> 70.5 | U68: =+S68-S67 -> -1.5 | V68: =+T68-T67 -> 9.1 | W68: =+U68/V68 -> -0.16483516
R69: =+R68+1 -> 45874 | S69: =+VLOOKUP(R69,Datos!$A$5:$AU$260,27) -> 9 | T69: =+VLOOKUP(R69,Datos!$A$5:$AU$260,3) -> 73.4 | U69: =+S69-S68 -> -1.5 | V69: =+T69-T68 -> 2.9 | W69: =+U69/V69 -> -0.51724138
R70: =+R69+1 -> 45875 | S70: =+VLOOKUP(R70,Datos!$A$5:$AU$260,27) -> 10.5 | T70: =+VLOOKUP(R70,Datos!$A$5:$AU$260,3) -> 71.8 | U70: =+S70-S69 -> 1.5 | V70: =+T70-T69 -> -1.6 | W70: =+U70/V70 -> -0.9375
R71: =+R70+1 -> 45876 | S71: =+VLOOKUP(R71,Datos!$A$5:$AU$260,27) -> 10.5 | T71: =+VLOOKUP(R71,Datos!$A$5:$AU$260,3) -> 73.5 | U71: =+S71-S70 -> 0 | V71: =+T71-T70 -> 1.7 | W71: =+U71/V71 -> 0
R72: =+R71+1 -> 45877 | S72: =+VLOOKUP(R72,Datos!$A$5:$AU$260,27) -> 8 | T72: =+VLOOKUP(R72,Datos!$A$5:$AU$260,3) -> 73.8 | U72: =+S72-S71 -> -2.5 | V72: =+T72-T71 -> 0.3
R73: =+R72+1 -> 45878 | S73: =+VLOOKUP(R73,Datos!$A$5:$AU$260,27) -> 9.5 | T73: =+VLOOKUP(R73,Datos!$A$5:$AU$260,3) -> 68.9 | U73: =+S73-S72 -> 1.5 | V73: =+T73-T72 -> -4.9 | W73: =+U73/V73 -> -0.30612245
R74: =+R73+1 -> 45879 | S74: =+VLOOKUP(R74,Datos!$A$5:$AU$260,27) -> 10.5 | T74: =+VLOOKUP(R74,Datos!$A$5:$AU$260,3) -> 63.4 | U74: =+S74-S73 -> 1 | V74: =+T74-T73 -> -5.5 | W74: =+U74/V74 -> -0.18181818
R75: =+R74+1 -> 45880 | S75: =+VLOOKUP(R75,Datos!$A$5:$AU$260,27) -> 12 | T75: =+VLOOKUP(R75,Datos!$A$5:$AU$260,3) -> 59.3 | U75: =+S75-S74 -> 1.5 | V75: =+T75-T74 -> -4.1 | W75: =+U75/V75 -> -0.36585366
R76: =+R75+1 -> 45881 | S76: =+VLOOKUP(R76,Datos!$A$5:$AU$260,27) -> 14.5 | T76: =+VLOOKUP(R76,Datos!$A$5:$AU$260,3) -> 56.5 | U76: =+S76-S75 -> 2.5 | V76: =+T76-T75 -> -2.8 | W76: =+U76/V76 -> -0.89285714
R77: =+R76+1 -> 45882 | S77: =+VLOOKUP(R77,Datos!$A$5:$AU$260,27) -> 11.5 | T77: =+VLOOKUP(R77,Datos!$A$5:$AU$260,3) -> 65.1 | U77: =+S77-S76 -> -3 | V77: =+T77-T76 -> 8.6 | W77: =+U77/V77 -> -0.34883721
R78: =+R77+1 -> 45883 | S78: =+VLOOKUP(R78,Datos!$A$5:$AU$260,27) -> 8.5 | T78: =+VLOOKUP(R78,Datos!$A$5:$AU$260,3) -> 71.6 | U78: =+S78-S77 -> -3 | V78: =+T78-T77 -> 6.5 | W78: =+U78/V78 -> -0.46153846
R79: =+R78+1 -> 45884 | S79: =+VLOOKUP(R79,Datos!$A$5:$AU$260,27) -> 9 | T79: =+VLOOKUP(R79,Datos!$A$5:$AU$260,3) -> 73 | U79: =+S79-S78 -> 0.5 | V79: =+T79-T78 -> 1.4 | W79: =+U79/V79 -> 0.35714286
R80: =+R79+1 -> 45885 | S80: =+VLOOKUP(R80,Datos!$A$5:$AU$260,27) -> 9.5 | T80: =+VLOOKUP(R80,Datos!$A$5:$AU$260,3) -> 69.1 | U80: =+S80-S79 -> 0.5 | V80: =+T80-T79 -> -3.9 | W80: =+U80/V80 -> -0.12820513
R81: =+R80+1 -> 45886 | S81: =+VLOOKUP(R81,Datos!$A$5:$AU$260,27) -> 12.5 | T81: =+VLOOKUP(R81,Datos!$A$5:$AU$260,3) -> 64.1 | U81: =+S81-S80 -> 3 | V81: =+T81-T80 -> -5 | W81: =+U81/V81 -> -0.6
R82: =+R81+1 -> 45887 | S82: =+VLOOKUP(R82,Datos!$A$5:$AU$260,27) -> 14.5 | T82: =+VLOOKUP(R82,Datos!$A$5:$AU$260,3) -> 63.6 | U82: =+S82-S81 -> 2 | V82: =+T82-T81 -> -0.5 | W82: =+U82/V82 -> -4
R83: =+R82+1 -> 45888 | S83: =+VLOOKUP(R83,Datos!$A$5:$AU$260,27) -> 14 | T83: =+VLOOKUP(R83,Datos!$A$5:$AU$260,3) -> 64.8 | U83: =+S83-S82 -> -0.5 | V83: =+T83-T82 -> 1.2 | W83: =+U83/V83 -> -0.41666667
R84: =+R83+1 -> 45889 | S84: =+VLOOKUP(R84,Datos!$A$5:$AU$260,27) -> 13.5 | T84: =+VLOOKUP(R84,Datos!$A$5:$AU$260,3) -> 61.5 | U84: =+S84-S83 -> -0.5 | V84: =+T84-T83 -> -3.3 | W84: =+U84/V84 -> 0.15151515
... R99: =+R98+1 -> 45904 | S99: =+VLOOKUP(R99,Datos!$A$5:$AU$260,27) -> 7.5 | T99: =+VLOOKUP(R99,Datos!$A$5:$AU$260,3) -> 71.1 | U99: =+S99-S98 -> -5.5 | V99: =+T99-T98 -> 9.8 | W99: =+U99/V99 -> -0.56122449
R100: =+R99+1 -> 45905 | S100: =+VLOOKUP(R100,Datos!$A$5:$AU$260,27) -> 7.5 | T100: =+VLOOKUP(R100,Datos!$A$5:$AU$260,3) -> 71.1 | U100: =+S100-S99 -> 0 | V100: =+T100-T99 -> 0
R101: =+R100+1 -> 45906 | S101: =+VLOOKUP(R101,Datos!$A$5:$AU$260,27) -> 8.5 | T101: =+VLOOKUP(R101,Datos!$A$5:$AU$260,3) -> 64 | U101: =+S101-S100 -> 1 | V101: =+T101-T100 -> -7.1 | W101: =+U101/V101 -> -0.14084507
R102: =+R101+1 -> 45907 | S102: =+VLOOKUP(R102,Datos!$A$5:$AU$260,27) -> 10 | T102: =+VLOOKUP(R102,Datos!$A$5:$AU$260,3) -> 57.6 | U102: =+S102-S101 -> 1.5 | V102: =+T102-T101 -> -6.4 | W102: =+U102/V102 -> -0.234375
R103: =+R102+1 -> 45908 | S103: =+VLOOKUP(R103,Datos!$A$5:$AU$260,27) -> 13.5 | T103: =+VLOOKUP(R103,Datos!$A$5:$AU$260,3) -> 54.3 | U103: =+S103-S102 -> 3.5 | V103: =+T103-T102 -> -3.3 | W103: =+U103/V103 -> -1.0606061
R104: =+R103+1 -> 45909 | S104: =+VLOOKUP(R104,Datos!$A$5:$AU$260,27) -> 14.5 | T104: =+VLOOKUP(R104,Datos!$A$5:$AU$260,3) -> 49.1 | U104: =+S104-S103 -> 1 | V104: =+T104-T103 -> -5.2 | W104: =+U104/V104 -> -0.19230769
R105: =+R104+1 -> 45910 | S105: =+VLOOKUP(R105,Datos!$A$5:$AU$260,27) -> 16 | T105: =+VLOOKUP(R105,Datos!$A$5:$AU$260,3) -> 43 | U105: =+S105-S104 -> 1.5 | V105: =+T105-T104 -> -6.1 | W105: =+U105/V105 -> -0.24590164
R106: =+R105+1 -> 45911 | S106: =+VLOOKUP(R106,Datos!$A$5:$AU$260,27) -> 15 | T106: =+VLOOKUP(R106,Datos!$A$5:$AU$260,3) -> 41.4 | U106: =+S106-S105 -> -1 | V106: =+T106-T105 -> -1.6 | W106: =+U106/V106 -> 0.625
R107: =+R106+1 -> 45912 | S107: =+VLOOKUP(R107,Datos!$A$5:$AU$260,27) -> 14.5 | T107: =+VLOOKUP(R107,Datos!$A$5:$AU$260,3) -> 35.5 | U107: =+S107-S106 -> -0.5 | V107: =+T107-T106 -> -5.9 | W107: =+U107/V107 -> 0.084745763
R108: =+R107+1 -> 45913 | S108: =+VLOOKUP(R108,Datos!$A$5:$AU$260,27) -> 15 | T108: =+VLOOKUP(R108,Datos!$A$5:$AU$260,3) -> 42.1 | U108: =+S108-S107 -> 0.5 | V108: =+T108-T107 -> 6.6 | W108: =+U108/V108 -> 0.075757576
R109: =+R108+1 -> 45914 | S109: =+VLOOKUP(R109,Datos!$A$5:$AU$260,27) -> 17 | T109: =+VLOOKUP(R109,Datos!$A$5:$AU$260,3) -> 37.1 | U109: =+S109-S108 -> 2 | V109: =+T109-T108 -> -5 | W109: =+U109/V109 -> -0.4
R110: =+R109+1 -> 45915 | S110: =+VLOOKUP(R110,Datos!$A$5:$AU$260,27) -> 16.5 | T110: =+VLOOKUP(R110,Datos!$A$5:$AU$260,3) -> 35.5 | U110: =+S110-S109 -> -0.5 | V110: =+T110-T109 -> -1.6 | W110: =+U110/V110 -> 0.3125
R111: =+R110+1 -> 45916 | S111: =+VLOOKUP(R111,Datos!$A$5:$AU$260,27) -> 17.5 | T111: =+VLOOKUP(R111,Datos!$A$5:$AU$260,3) -> 34.7 | U111: =+S111-S110 -> 1 | V111: =+T111-T110 -> -0.8 | W111: =+U111/V111 -> -1.25
R112: =+R111+1 -> 45917 | S112: =+VLOOKUP(R112,Datos!$A$5:$AU$260,27) -> 18 | T112: =+VLOOKUP(R112,Datos!$A$5:$AU$260,3) -> 34.5 | U112: =+S112-S111 -> 0.5 | V112: =+T112-T111 -> -0.2 | W112: =+U112/V112 -> -2.5
... R195: =+R194+1 -> 46000 | S195: =+VLOOKUP(R195,Datos!$A$5:$AU$260,27) -> 22.5 | T195: =+VLOOKUP(R195,Datos!$A$5:$AU$260,3) -> 16 | U195: =+S195-S194 -> 0 | V195: =+T195-T194 -> 1.6 | W195: =+U195/V195 -> 0

Sheet Hoja2
A3: FECHA | B3: TMAX | C3: TMIN | D3: NOMBRE
A4: -------- | B4: ----- | C4: ----- | D4: ----------------------------------------
A5: 29062025 | B5: 10.7 | C5: 4.4 | D5: AEROPARQUE
A6: 29062025 | B6: 4.3 | C6: -2.8 | D6: AZUL
A7: 29062025 | B7: 7.7 | C7: 0.0 | D7: BAHIA | E7: BLANCA
A8: 29062025 | B8: 2.4 | C8: -13.2 | D8: BARILOCHE
A9: 29062025 | B9: -18.0 | C9: -20.8 | D9: BASE | E9: BELGRANO | F9: II
A10: 29062025 | B10: 2.2 | C10: -1.0 | D10: BASE | E10: CARLINI | F10: (EX | G10: JUBANY)
A11: 29062025 | B11: 8.0 | C11: -3.7 | D11: BASE | E11: ESPERANZA
A12: 29062025 | B12: 3.7 | C12: -2.3 | D12: BASE | E12: MARAMBIO
A13: 29062025 | B13: 1.9 | C13: -3.4 | D13: BASE | E13: ORCADAS
A14: 29062025 | B14: 1.9 | C14: -1.4 | D14: BASE | E14: SAN | F14: MARTIN
A15: 29062025 | B15: 4.3 | C15: -4.8 | D15: BENITO | E15: JUAREZ
A16: 29062025 | B16: 19.0 | C16: 8.5 | D16: BERNARDO | E16: DE | F16: IRIGOYEN | G16: AERO
A17: 29062025 | B17: 4.9 | C17: -5.5 | D17: BOLIVAR
A18: 29062025 | B18: 10.0 | C18: 5.0 | D18: BUENOS | E18: AIRES | F18: OBSERVATORIO
A19: 29062025 | B19: 9.0 | C19: 1.8 | D19: CAMPO | E19: DE | F19: MAYO | G19: AERO
A20: 29062025 | B20: 11.0 | C20: 4.8 | D20: CATAMARCA | E20: AERO
A21: 29062025 | B21: 12.1 | C21: 4.0 | D21: CERES | E21: AERO
A22: 29062025 | B22: 8.5 | C22: 2.9 | D22: CHAMICAL | E22: AERO
A23: 29062025 | B23: 1.2 | C23: -13.5 | D23: CHAPELCO | E23: AERO
A24: 29062025 | B24: 7.6 | C24: -0.3 | D24: CHEPES
A25: 29062025 | B25: 6.0 | C25: -2.8 | D25: COMODORO | E25: RIVADAVIA | F25: AERO
A26: 29062025 | B26: 12.4 | C26: 6.2 | D26: CONCORDIA | E26: AERO
A27: 29062025 | B27: 6.5 | C27: 1.4 | D27: CORDOBA | E27: AERO
A28: 29062025 | B28: 7.8 | C28: 2.1 | D28: CORDOBA | E28: OBSERVATORIO
A29: 29062025 | B29: 5.6 | C29: -7.8 | D29: CORONEL | E29: SUAREZ | F29: AERO
A30: 29062025 | B30: 14.0 | C30: 7.7 | D30: CORRIENTES | E30: AERO
A31: 29062025 | B31: 6.6 | C31: 0.1 | D31: DOLORES | E31: AERO
A32: 29062025 | B32: 3.0 | C32: -8.0 | D32: EL | E32: BOLSON | F32: AERO
A33: 29062025 | B33: 0.4 | C33: -14.1 | D33: EL | E33: CALAFATE | F33: AERO
A34: 29062025 | B34: 9.6 | C34: 4.0 | D34: EL | E34: PALOMAR | F34: AERO
A35: 29062025 | B35: 1.0 | C35: ESCUELA | D35: DE | E35: AVIACION | F35: MILITAR | G35: AERO
A36: 29062025 | B36: -2.1 | C36: -13.0 | D36: ESQUEL | E36: AERO
A37: 29062025 | B37: 9.5 | C37: 2.5 | D37: EZEIZA | E37: AERO
A38: 29062025 | B38: 14.3 | C38: 9.3 | D38: FORMOSA | E38: AERO
A39: 29062025 | B39: 8.0 | C39: -6.1 | D39: GENERAL | E39: PICO | F39: AERO
A40: 29062025 | B40: -0.5 | C40: -14.0 | D40: GOBERNADOR | E40: GREGORES | F40: AERO
A41: 29062025 | B41: 9.6 | C41: 3.3 | D41: GUALEGUAYCHU | E41: AERO
A42: 29062025 | B42: 20.0 | C42: 11.6 | D42: IGUAZU | E42: AERO
A43: 29062025 | B43: 13.6 | C43: 10.0 | D43: ITUZAINGO
A44: 29062025 | B44: JACHAL
A45: 29062025 | B45: 14.5 | C45: 4.8 | D45: JUJUY | E45: AERO
A46: 29062025 | B46: 10.4 | C46: 3.4 | D46: JUJUY | E46: U | F46: N
A47: 29062025 | B47: 7.3 | C47: 0.2 | D47: JUNIN | E47: AERO
A48: 29062025 | B48: 8.6 | C48: 0.5 | D48: LA | E48: PLATA | F48: AERO
A49: 29062025 | B49: 15.2 | C49: -9.5 | D49: LA | E49: QUIACA | F49: OBSERVATORIO
A50: 29062025 | B50: 12.9 | C50: 4.8 | D50: LA | E50: RIOJA | F50: AERO
A51: 29062025 | B51: 6.5 | C51: -4.0 | D51: LABOULAYE | E51: AERO
A52: 29062025 | B52: 5.4 | C52: -0.5 | D52: LAS | E52: FLORES
A53: 29062025 | B53: 16.4 | C53: 8.8 | D53: LAS | E53: LOMITAS
A54: 29062025 | B54: -1.8 | C54: -8.4 | D54: MALARGUE | E54: AERO
A55: 29062025 | B55: 0.0 | C55: -17.1 | D55: MAQUINCHAO
A56: 29062025 | B56: 5.5 | C56: 1.4 | D56: MAR | E56: DEL | F56: PLATA | G56: AERO
A57: 29062025 | B57: 9.2 | C57: -0.7 | D57: MARCOS | E57: JUAREZ | F57: AERO
A58: 29062025 | B58: 3.4 | C58: MARIANO | D58: MORENO | E58: AERO
A59: 29062025 | B59: 4.6 | C59: -0.5 | D59: MENDOZA | E59: AERO
A60: 29062025 | B60: -1.0 | C60: MENDOZA | D60: OBSERVATORIO
A61: 29062025 | B61: 12.4 | C61: 5.0 | D61: MERCEDES | E61: AERO | F61: (CTES)
A62: 29062025 | B62: 2.4 | C62: MERLO | D62: AERO
A63: 29062025 | B63: 12.4 | C63: 3.4 | D63: METAN
A64: 29062025 | B64: 12.4 | C64: 7.0 | D64: MONTE | E64: CASEROS | F64: AERO
A65: 29062025 | B65: 9.7 | C65: 2.6 | D65: MORON | E65: AERO
A66: 29062025 | B66: 5.2 | C66: -7.3 | D66: NEUQUEN | E66: AERO
A67: 29062025 | B67: 6.6 | C67: -0.6 | D67: NUEVE | E67: DE | F67: JULIO
A68: 29062025 | B68: OBERA
A69: 29062025 | B69: 4.5 | C69: -4.7 | D69: OLAVARRIA | E69: AERO
A70: 29062025 | B70: 15.0 | C70: 8.7 | D70: ORAN | E70: AERO
A71: 29062025 | B71: 9.5 | C71: 4.5 | D71: PARANA | E71: AERO
A72: 29062025 | B72: -0.6 | C72: -8.7 | D72: PASO | E72: DE | F72: INDIOS
A73: 29062025 | B73: 13.0 | C73: 8.4 | D73: PASO | E73: DE | F73: LOS | G73: LIBRES | H73: AERO
A74: 29062025 | B74: 5.3 | C74: -3.5 | D74: PEHUAJO | E74: AERO
A75: 29062025 | B75: -11.3 | C75: PERITO | D75: MORENO | E75: AERO
A76: 29062025 | B76: 5.2 | C76: -4.7 | D76: PIGUE | E76: AERO
A77: 29062025 | B77: 6.2 | C77: 1.6 | D77: PILAR | E77: OBSERVATORIO
A78: 29062025 | B78: 14.8 | C78: 10.5 | D78: POSADAS | E78: AERO
A79: 29062025 | B79: 13.8 | C79: 6.0 | D79: PRESIDENCIA | E79: ROQUE | F79: SAENZ | G79: PE | H79: A | I79: AERO
A80: 29062025 | B80: 0.2 | C80: -9.0 | D80: PUERTO | E80: DESEADO | F80: AERO
A81: 29062025 | B81: 5.0 | C81: -3.8 | D81: PUERTO | E81: MADRYN | F81: AERO
A82: 29062025 | B82: 9.8 | C82: 3.0 | D82: PUNTA | E82: INDIO | F82: B.A.
A83: 29062025 | B83: 10.0 | C83: 4.0 | D83: RAFAELA | E83: AERO
A84: 29062025 | B84: 10.9 | C84: 4.7 | D84: RECONQUISTA | E84: AERO
A85: 29062025 | B85: 13.9 | C85: 7.2 | D85: RESISTENCIA | E85: AERO
A86: 29062025 | B86: 4.2 | C86: -2.6 | D86: RIO | E86: CUARTO | F86: AERO
A87: 29062025 | B87: -1.2 | C87: -13.6 | D87: RIO | E87: GALLEGOS | F87: AERO
A88: 29062025 | B88: 1.7 | C88: -8.8 | D88: RIO | E88: GRANDE | F88: B.A.
A89: 29062025 | B89: 17.0 | C89: 7.8 | D89: RIVADAVIA
A90: 29062025 | B90: 10.6 | C90: 2.1 | D90: ROSARIO | E90: AERO
A91: 29062025 | B91: 11.1 | C91: 3.0 | D91: SALTA | E91: AERO
A92: 29062025 | B92: 7.6 | C92: -0.6 | D92: SAN | E92: ANTONIO | F92: OESTE | G92: AERO
A93: 29062025 | B93: 10.1 | C93: 4.2 | D93: SAN | E93: FERNANDO | F93: AERO
A94: 29062025 | B94: 5.0 | C94: 0.2 | D94: SAN | E94: JUAN | F94: AERO
A95: 29062025 | B95: -1.4 | C95: -7.6 | D95: SAN | E95: JULIAN | F95: AERO
A96: 29062025 | B96: 3.0 | C96: -1.5 | D96: SAN | E96: LUIS | F96: AERO
A97: 29062025 | B97: 3.9 | C97: -0.4 | D97: SAN | E97: MARTIN | F97: (MZA)
A98: 29062025 | B98: 1.8 | C98: -3.5 | D98: SAN | E98: RAFAEL | F98: AERO
A99: 29062025 | B99: 0.3 | C99: -8.3 | D99: SANTA | E99: CRUZ | F99: AERO
A100: 29062025 | B100: 6.3 | C100: -3.5 | D100: SANTA | E100: ROSA | F100: AERO
A101: 29062025 | B101: 3.4 | C101: -0.1 | D101: SANTA | E101: ROSA | F101: DE | G101: CONLARA | H101: AERO
A102: 29062025 | B102: 16.4 | C102: 1.3 | D102: SANTIAGO | E102: DEL | F102: ESTERO | G102: AERO
...
